layer,group,title,n_features,attributes_file,geometry_file,source_url
Neighborhood_Characteristics_Healthy_Places_Index,Neighborhood Characteristics,Healthy Places Index,2496,Neighborhood_Characteristics_Healthy_Places_Index.parquet,polygon_2496_6e0865c9.parquet,https://services1.arcgis.com/ZIL9uO234SBBPGL7/arcgis/rest/services/Healthy_Places_Index_GEO20/FeatureServer/33
Neighborhood_Characteristics_Historical_Redlining,Neighborhood Characteristics,Historical Redlining,418,Neighborhood_Characteristics_Historical_Redlining.parquet,polygon_418_9b05905e.parquet,https://services1.arcgis.com/ZIL9uO234SBBPGL7/arcgis/rest/services/Redlining/FeatureServer/1
Neighborhood_Characteristics_Social_Vulnerability_Index_SVI_SVI_2020,Neighborhood Characteristics / Social Vulnerability Index (SVI),SVI 2020,2495,Neighborhood_Characteristics_Social_Vulnerability_Index_SVI_SVI_2020.parquet,polygon_2495_f3500feb.parquet,https://services1.arcgis.com/ZIL9uO234SBBPGL7/arcgis/rest/services/QAQC_SVI_20/FeatureServer/0
Neighborhood_Characteristics_Social_Vulnerability_Index_SVI_SVI_2022,Neighborhood Characteristics / Social Vulnerability Index (SVI),SVI 2022,2495,Neighborhood_Characteristics_Social_Vulnerability_Index_SVI_SVI_2022.parquet,polygon_2495_f3500feb.parquet,https://services1.arcgis.com/ZIL9uO234SBBPGL7/arcgis/rest/services/QAQC_SVI_22/FeatureServer/0
Resident_Demographics_Health_Insurance_Coverage_Health_Insurance_Uninsured_2020,Resident Demographics / Health Insurance Coverage,Health Insurance: Uninsured 2020,2495,Resident_Demographics_Health_Insurance_Coverage_Health_Insurance_Uninsured_2020.parquet,polygon_2495_a735b0fc.parquet,https://services1.arcgis.com/ZIL9uO234SBBPGL7/arcgis/rest/services/Health_Insurance_Coverage_2020_2021_2022/FeatureServer/2
Resident_Demographics_Health_Insurance_Coverage_Health_Insurance_Uninsured_2021,Resident Demographics / Health Insurance Coverage,Health Insurance: Uninsured 2021,2495,Resident_Demographics_Health_Insurance_Coverage_Health_Insurance_Uninsured_2021.parquet,polygon_2495_a735b0fc.parquet,https://services1.arcgis.com/ZIL9uO234SBBPGL7/arcgis/rest/services/Health_Insurance_Coverage_2020_2021_2022/FeatureServer/1
Resident_Demographics_Health_Insurance_Coverage_Health_Insurance_Uninsured_2022,Resident Demographics / Health Insurance Coverage,Health Insurance: Uninsured 2022,2495,Resident_Demographics_Health_Insurance_Coverage_Health_Insurance_Uninsured_2022.parquet,polygon_2495_a735b0fc.parquet,https://services1.arcgis.com/ZIL9uO234SBBPGL7/arcgis/rest/services/Health_Insurance_Coverage_2020_2021_2022/FeatureServer/0
Resident_Demographics_Health_Insurance_Coverage_Health_Insurance_Uninsured_2023,Resident Demographics / Health Insurance Coverage,Health Insurance: Uninsured 2023,2496,Resident_Demographics_Health_Insurance_Coverage_Health_Insurance_Uninsured_2023.parquet,polygon_2496_6e0865c9.parquet,https://services1.arcgis.com/ZIL9uO234SBBPGL7/arcgis/rest/services/Health_Insurance_Coverage_2023/FeatureServer/25
Resident_Demographics_Health_Insurance_Coverage_Health_Insurance_Uninsured_2024,Resident Demographics / Health Insurance Coverage,Health Insurance: Uninsured 2024,2496,Resident_Demographics_Health_Insurance_Coverage_Health_Insurance_Uninsured_2024.parquet,polygon_2496_6e0865c9.parquet,https://services1.arcgis.com/ZIL9uO234SBBPGL7/arcgis/rest/services/ACS_2024_Uninsured/FeatureServer/0
Resident_Demographics_Disability_Disability_2020,Resident Demographics / Disability,Disability 2020,2495,Resident_Demographics_Disability_Disability_2020.parquet,polygon_2495_a735b0fc.parquet,https://services1.arcgis.com/ZIL9uO234SBBPGL7/arcgis/rest/services/Disability_2020_2022/FeatureServer/1
Resident_Demographics_Disability_Disability_2021,Resident Demographics / Disability,Disability 2021,2495,Resident_Demographics_Disability_Disability_2021.parquet,polygon_2495_487081e0.parquet,https://services1.arcgis.com/ZIL9uO234SBBPGL7/arcgis/rest/services/Disability_2021_02102025/FeatureServer/18
Resident_Demographics_Disability_Disability_2022,Resident Demographics / Disability,Disability 2022,2495,Resident_Demographics_Disability_Disability_2022.parquet,polygon_2495_a735b0fc.parquet,https://services1.arcgis.com/ZIL9uO234SBBPGL7/arcgis/rest/services/Disability_2020_2022/FeatureServer/0
Resident_Demographics_Disability_Disability_2023,Resident Demographics / Disability,Disability 2023,2496,Resident_Demographics_Disability_Disability_2023.parquet,polygon_2496_4f39af35.parquet,https://services1.arcgis.com/ZIL9uO234SBBPGL7/arcgis/rest/services/Disability_2023_Repub/FeatureServer/74
Resident_Demographics_Disability_Disability_2024,Resident Demographics / Disability,Disability 2024,2496,Resident_Demographics_Disability_Disability_2024.parquet,polygon_2496_6e0865c9.parquet,https://services1.arcgis.com/ZIL9uO234SBBPGL7/arcgis/rest/services/Disability_2024/FeatureServer/1
Resident_Demographics_Household_Size_Household_Size_2020,Resident Demographics / Household Size,Household Size 2020,2495,Resident_Demographics_Household_Size_Household_Size_2020.parquet,polygon_2495_a735b0fc.parquet,https://services1.arcgis.com/ZIL9uO234SBBPGL7/arcgis/rest/services/Household_Size_and_ESL_2020/FeatureServer/1
Resident_Demographics_Household_Size_Household_Size_2021,Resident Demographics / Household Size,Household Size 2021,2495,Resident_Demographics_Household_Size_Household_Size_2021.parquet,polygon_2495_487081e0.parquet,https://services1.arcgis.com/ZIL9uO234SBBPGL7/arcgis/rest/services/Household_Size_2021_02102025/FeatureServer/12
Resident_Demographics_Household_Size_Household_Size_2022,Resident Demographics / Household Size,Household Size 2022,2495,Resident_Demographics_Household_Size_Household_Size_2022.parquet,polygon_2495_a735b0fc.parquet,https://services1.arcgis.com/ZIL9uO234SBBPGL7/arcgis/rest/services/Household_Size_and_ESL_2022/FeatureServer/1
Resident_Demographics_Household_Size_Household_Size_2023,Resident Demographics / Household Size,Household Size 2023,2496,Resident_Demographics_Household_Size_Household_Size_2023.parquet,polygon_2496_6e0865c9.parquet,https://services1.arcgis.com/ZIL9uO234SBBPGL7/arcgis/rest/services/Household_Size_2023/FeatureServer/0
Resident_Demographics_Household_Size_Household_Size_2024,Resident Demographics / Household Size,Household Size 2024,2496,Resident_Demographics_Household_Size_Household_Size_2024.parquet,polygon_2496_6e0865c9.parquet,https://services1.arcgis.com/ZIL9uO234SBBPGL7/arcgis/rest/services/Household_Size_2024/FeatureServer/2
Resident_Demographics_No_Vehicle_Access_No_Vehicle_Access_Landowner_Households_No_Vehicle_Access_Landowners_2020,Resident Demographics / No Vehicle Access / No Vehicle Access: Landowner Households,No Vehicle Access: Landowners 2020,2495,Resident_Demographics_No_Vehicle_Access_No_Vehicle_Access_Landowner_Households_No_Vehicle_Access_Landowners_2020.parquet,polygon_2495_a735b0fc.parquet,https://services1.arcgis.com/ZIL9uO234SBBPGL7/arcgis/rest/services/Vehicle_Ownership_2020/FeatureServer/1
Resident_Demographics_No_Vehicle_Access_No_Vehicle_Access_Landowner_Households_No_Vehicle_Access_Landowners_2021,Resident Demographics / No Vehicle Access / No Vehicle Access: Landowner Households,No Vehicle Access: Landowners 2021,2495,Resident_Demographics_No_Vehicle_Access_No_Vehicle_Access_Landowner_Households_No_Vehicle_Access_Landowners_2021.parquet,polygon_2495_6dc93695.parquet,https://services1.arcgis.com/ZIL9uO234SBBPGL7/arcgis/rest/services/Landowner_Vehicle_Ownership_2021_02102025/FeatureServer/4
Resident_Demographics_No_Vehicle_Access_No_Vehicle_Access_Landowner_Households_No_Vehicle_Access_Landowners_2022,Resident Demographics / No Vehicle Access / No Vehicle Access: Landowner Households,No Vehicle Access: Landowners 2022,2495,Resident_Demographics_No_Vehicle_Access_No_Vehicle_Access_Landowner_Households_No_Vehicle_Access_Landowners_2022.parquet,polygon_2495_a735b0fc.parquet,https://services1.arcgis.com/ZIL9uO234SBBPGL7/arcgis/rest/services/Vehicle_Ownership_2022/FeatureServer/1
Resident_Demographics_No_Vehicle_Access_No_Vehicle_Access_Landowner_Households_No_Vehicle_Access_Landowners_2023,Resident Demographics / No Vehicle Access / No Vehicle Access: Landowner Households,No Vehicle Access: Landowners 2023,2496,Resident_Demographics_No_Vehicle_Access_No_Vehicle_Access_Landowner_Households_No_Vehicle_Access_Landowners_2023.parquet,polygon_2496_4f39af35.parquet,https://services1.arcgis.com/ZIL9uO234SBBPGL7/arcgis/rest/services/Vehicle_Ownership_Landowners_2023_Republish/FeatureServer/1
Resident_Demographics_No_Vehicle_Access_No_Vehicle_Access_Landowner_Households_No_Vehicle_Access_Landowners_2024,Resident Demographics / No Vehicle Access / No Vehicle Access: Landowner Households,No Vehicle Access: Landowners 2024,2496,Resident_Demographics_No_Vehicle_Access_No_Vehicle_Access_Landowner_Households_No_Vehicle_Access_Landowners_2024.parquet,polygon_2496_6e0865c9.parquet,https://services1.arcgis.com/ZIL9uO234SBBPGL7/arcgis/rest/services/No_Vehicle_Access_Owners_2024/FeatureServer/3
Resident_Demographics_No_Vehicle_Access_No_Vehicle_Access_Renter_Households_No_Vehicle_Access_Renters_2020,Resident Demographics / No Vehicle Access / No Vehicle Access: Renter Households,No Vehicle Access: Renters 2020,2495,Resident_Demographics_No_Vehicle_Access_No_Vehicle_Access_Renter_Households_No_Vehicle_Access_Renters_2020.parquet,polygon_2495_a735b0fc.parquet,https://services1.arcgis.com/ZIL9uO234SBBPGL7/arcgis/rest/services/Vehicle_Ownership_2020/FeatureServer/0
Resident_Demographics_No_Vehicle_Access_No_Vehicle_Access_Renter_Households_No_Vehicle_Access_Renters_2021,Resident Demographics / No Vehicle Access / No Vehicle Access: Renter Households,No Vehicle Access: Renters 2021,2495,Resident_Demographics_No_Vehicle_Access_No_Vehicle_Access_Renter_Households_No_Vehicle_Access_Renters_2021.parquet,polygon_2495_6dc93695.parquet,https://services1.arcgis.com/ZIL9uO234SBBPGL7/arcgis/rest/services/Renter_Vehicle_Ownership_2021_02102025/FeatureServer/6
Resident_Demographics_No_Vehicle_Access_No_Vehicle_Access_Renter_Households_No_Vehicle_Access_Renters_2022,Resident Demographics / No Vehicle Access / No Vehicle Access: Renter Households,No Vehicle Access: Renters 2022,2495,Resident_Demographics_No_Vehicle_Access_No_Vehicle_Access_Renter_Households_No_Vehicle_Access_Renters_2022.parquet,polygon_2495_a735b0fc.parquet,https://services1.arcgis.com/ZIL9uO234SBBPGL7/arcgis/rest/services/Vehicle_Ownership_2022/FeatureServer/0
Resident_Demographics_No_Vehicle_Access_No_Vehicle_Access_Renter_Households_No_Vehicle_Access_Renters_2023,Resident Demographics / No Vehicle Access / No Vehicle Access: Renter Households,No Vehicle Access: Renters 2023,2496,Resident_Demographics_No_Vehicle_Access_No_Vehicle_Access_Renter_Households_No_Vehicle_Access_Renters_2023.parquet,polygon_2496_6e0865c9.parquet,https://services1.arcgis.com/ZIL9uO234SBBPGL7/arcgis/rest/services/Vehicle_Ownership_Renters_2023/FeatureServer/38
Resident_Demographics_No_Vehicle_Access_No_Vehicle_Access_Renter_Households_No_Vehicle_Access_Renters_2024,Resident Demographics / No Vehicle Access / No Vehicle Access: Renter Households,No Vehicle Access: Renters 2024,2496,Resident_Demographics_No_Vehicle_Access_No_Vehicle_Access_Renter_Households_No_Vehicle_Access_Renters_2024.parquet,polygon_2496_6e0865c9.parquet,https://services1.arcgis.com/ZIL9uO234SBBPGL7/arcgis/rest/services/No_Vehicle_Access_Renters_2024/FeatureServer/4
Resident_Demographics_Age_Age_2020_Adults_65_and_Over,Resident Demographics / Age / Age 2020,Adults 65 and Over,2495,Resident_Demographics_Age_Age_2020_Adults_65_and_Over.parquet,polygon_2495_a735b0fc.parquet,https://services1.arcgis.com/ZIL9uO234SBBPGL7/arcgis/rest/services/Age_65_Years_and_Over_2020_CT/FeatureServer/2
Resident_Demographics_Age_Age_2020_Children_Under_18,Resident Demographics / Age / Age 2020,Children Under 18,2495,Resident_Demographics_Age_Age_2020_Children_Under_18.parquet,polygon_2495_a735b0fc.parquet,https://services1.arcgis.com/ZIL9uO234SBBPGL7/arcgis/rest/services/Age_2020/FeatureServer/1
Resident_Demographics_Age_Age_2020_Children_Under_5,Resident Demographics / Age / Age 2020,Children Under 5,2495,Resident_Demographics_Age_Age_2020_Children_Under_5.parquet,polygon_2495_a735b0fc.parquet,https://services1.arcgis.com/ZIL9uO234SBBPGL7/arcgis/rest/services/Age_2020/FeatureServer/0
Resident_Demographics_Age_Age_2021_Adults_65_and_Over,Resident Demographics / Age / Age 2021,Adults 65 and Over,2495,Resident_Demographics_Age_Age_2021_Adults_65_and_Over.parquet,polygon_2495_a735b0fc.parquet,https://services1.arcgis.com/ZIL9uO234SBBPGL7/arcgis/rest/services/Age_65_Years_and_Over_2020_CT/FeatureServer/1
Resident_Demographics_Age_Age_2021_Children_Under_18,Resident Demographics / Age / Age 2021,Children Under 18,2495,Resident_Demographics_Age_Age_2021_Children_Under_18.parquet,polygon_2495_a735b0fc.parquet,https://services1.arcgis.com/ZIL9uO234SBBPGL7/arcgis/rest/services/Age_2021/FeatureServer/1
Resident_Demographics_Age_Age_2021_Children_Under_5,Resident Demographics / Age / Age 2021,Children Under 5,2495,Resident_Demographics_Age_Age_2021_Children_Under_5.parquet,polygon_2495_a735b0fc.parquet,https://services1.arcgis.com/ZIL9uO234SBBPGL7/arcgis/rest/services/Age_2021/FeatureServer/0
Resident_Demographics_Age_Age_2022_Adults_65_and_Over,Resident Demographics / Age / Age 2022,Adults 65 and Over,2495,Resident_Demographics_Age_Age_2022_Adults_65_and_Over.parquet,polygon_2495_a735b0fc.parquet,https://services1.arcgis.com/ZIL9uO234SBBPGL7/arcgis/rest/services/Age_65_Years_and_Over_2020_CT/FeatureServer/0
Resident_Demographics_Age_Age_2022_Children_Under_18,Resident Demographics / Age / Age 2022,Children Under 18,2495,Resident_Demographics_Age_Age_2022_Children_Under_18.parquet,polygon_2495_a735b0fc.parquet,https://services1.arcgis.com/ZIL9uO234SBBPGL7/arcgis/rest/services/Age_2022/FeatureServer/1
Resident_Demographics_Age_Age_2022_Children_Under_5,Resident Demographics / Age / Age 2022,Children Under 5,2495,Resident_Demographics_Age_Age_2022_Children_Under_5.parquet,polygon_2495_a735b0fc.parquet,https://services1.arcgis.com/ZIL9uO234SBBPGL7/arcgis/rest/services/Age_2022/FeatureServer/0
Resident_Demographics_Age_Age_2023_Adults_65_and_Over,Resident Demographics / Age / Age 2023,Adults 65 and Over,2496,Resident_Demographics_Age_Age_2023_Adults_65_and_Over.parquet,polygon_2496_6e0865c9.parquet,https://services1.arcgis.com/ZIL9uO234SBBPGL7/arcgis/rest/services/Age_Over_65_Years_2023/FeatureServer/1
Resident_Demographics_Age_Age_2023_Children_Under_18,Resident Demographics / Age / Age 2023,Children Under 18,2496,Resident_Demographics_Age_Age_2023_Children_Under_18.parquet,polygon_2496_6e0865c9.parquet,https://services1.arcgis.com/ZIL9uO234SBBPGL7/arcgis/rest/services/Age_Under_18_Years_2023/FeatureServer/2
Resident_Demographics_Age_Age_2023_Children_Under_5,Resident Demographics / Age / Age 2023,Children Under 5,2496,Resident_Demographics_Age_Age_2023_Children_Under_5.parquet,polygon_2496_6e0865c9.parquet,https://services1.arcgis.com/ZIL9uO234SBBPGL7/arcgis/rest/services/Age_Under_5_Years_2023/FeatureServer/3
Resident_Demographics_Age_Age_2024_Adults_65_and_Over,Resident Demographics / Age / Age 2024,Adults 65 and Over,2496,Resident_Demographics_Age_Age_2024_Adults_65_and_Over.parquet,polygon_2496_6e0865c9.parquet,https://services1.arcgis.com/ZIL9uO234SBBPGL7/arcgis/rest/services/Adults_65_and_Over_2024/FeatureServer/5
Resident_Demographics_Age_Age_2024_Children_Under_18,Resident Demographics / Age / Age 2024,Children Under 18,2496,Resident_Demographics_Age_Age_2024_Children_Under_18.parquet,polygon_2496_6e0865c9.parquet,https://services1.arcgis.com/ZIL9uO234SBBPGL7/arcgis/rest/services/Children_18_and_Under_2024/FeatureServer/6
Resident_Demographics_Age_Age_2024_Children_Under_5,Resident Demographics / Age / Age 2024,Children Under 5,2496,Resident_Demographics_Age_Age_2024_Children_Under_5.parquet,polygon_2496_6e0865c9.parquet,https://services1.arcgis.com/ZIL9uO234SBBPGL7/arcgis/rest/services/Children_5_and_Under_2024/FeatureServer/7
Resident_Demographics_Foreign_Born_Foreign_Born_2020,Resident Demographics / Foreign Born,Foreign Born 2020,2495,Resident_Demographics_Foreign_Born_Foreign_Born_2020.parquet,polygon_2495_a735b0fc.parquet,https://services1.arcgis.com/ZIL9uO234SBBPGL7/arcgis/rest/services/Immigration_Status_2020_and_2022/FeatureServer/1
Resident_Demographics_Foreign_Born_Foreign_Born_2021,Resident Demographics / Foreign Born,Foreign Born 2021,2495,Resident_Demographics_Foreign_Born_Foreign_Born_2021.parquet,polygon_2495_6dc93695.parquet,https://services1.arcgis.com/ZIL9uO234SBBPGL7/arcgis/rest/services/Immigration_Status_2021_02102025/FeatureServer/0
Resident_Demographics_Foreign_Born_Foreign_Born_2022,Resident Demographics / Foreign Born,Foreign Born 2022,2495,Resident_Demographics_Foreign_Born_Foreign_Born_2022.parquet,polygon_2495_a735b0fc.parquet,https://services1.arcgis.com/ZIL9uO234SBBPGL7/arcgis/rest/services/Immigration_Status_2020_and_2022/FeatureServer/0
Resident_Demographics_Foreign_Born_Foreign_Born_2023,Resident Demographics / Foreign Born,Foreign Born 2023,2496,Resident_Demographics_Foreign_Born_Foreign_Born_2023.parquet,polygon_2496_ef23537f.parquet,https://services1.arcgis.com/ZIL9uO234SBBPGL7/arcgis/rest/services/Immigration_Status_2023_Republish/FeatureServer/0
Resident_Demographics_Foreign_Born_Foreign_Born_2024,Resident Demographics / Foreign Born,Foreign Born 2024,2496,Resident_Demographics_Foreign_Born_Foreign_Born_2024.parquet,polygon_2496_6e0865c9.parquet,https://services1.arcgis.com/ZIL9uO234SBBPGL7/arcgis/rest/services/Foreign_Born_2024/FeatureServer/8
Resident_Demographics_English_Second_Language_English_Second_Language_2020,Resident Demographics / English Second Language,English Second Language 2020,2495,Resident_Demographics_English_Second_Language_English_Second_Language_2020.parquet,polygon_2495_a735b0fc.parquet,https://services1.arcgis.com/ZIL9uO234SBBPGL7/arcgis/rest/services/Household_Size_and_ESL_2020/FeatureServer/0
Resident_Demographics_English_Second_Language_English_Second_Language_2021,Resident Demographics / English Second Language,English Second Language 2021,2495,Resident_Demographics_English_Second_Language_English_Second_Language_2021.parquet,polygon_2495_6dc93695.parquet,https://services1.arcgis.com/ZIL9uO234SBBPGL7/arcgis/rest/services/English_Second_Language_2021_02102025/FeatureServer/8
Resident_Demographics_English_Second_Language_English_Second_Language_2022,Resident Demographics / English Second Language,English Second Language 2022,2495,Resident_Demographics_English_Second_Language_English_Second_Language_2022.parquet,polygon_2495_a735b0fc.parquet,https://services1.arcgis.com/ZIL9uO234SBBPGL7/arcgis/rest/services/Household_Size_and_ESL_2022/FeatureServer/0
Resident_Demographics_English_Second_Language_English_Second_Language_2023,Resident Demographics / English Second Language,English Second Language 2023,2496,Resident_Demographics_English_Second_Language_English_Second_Language_2023.parquet,polygon_2496_6e0865c9.parquet,https://services1.arcgis.com/ZIL9uO234SBBPGL7/arcgis/rest/services/English_Second_Language_2023/FeatureServer/8
Resident_Demographics_English_Second_Language_English_Second_Language_2024,Resident Demographics / English Second Language,English Second Language 2024,2496,Resident_Demographics_English_Second_Language_English_Second_Language_2024.parquet,polygon_2496_6e0865c9.parquet,https://services1.arcgis.com/ZIL9uO234SBBPGL7/arcgis/rest/services/English_Second_Language_2024/FeatureServer/9
Resident_Demographics_Ethnicity_and_Race_Not_Hispanic_Latino_by_Race_2020_Two_or_More_Races,Resident Demographics / Ethnicity and Race / Not Hispanic/Latino by Race 2020,Two or More Races,2495,Resident_Demographics_Ethnicity_and_Race_Not_Hispanic_Latino_by_Race_2020_Two_or_More_Races.parquet,polygon_2495_a735b0fc.parquet,https://services1.arcgis.com/ZIL9uO234SBBPGL7/arcgis/rest/services/Detailed_Not_Hispanic_or_Latino_2020/FeatureServer/6
Resident_Demographics_Ethnicity_and_Race_Not_Hispanic_Latino_by_Race_2020_Some_Other_Race,Resident Demographics / Ethnicity and Race / Not Hispanic/Latino by Race 2020,Some Other Race,2495,Resident_Demographics_Ethnicity_and_Race_Not_Hispanic_Latino_by_Race_2020_Some_Other_Race.parquet,polygon_2495_a735b0fc.parquet,https://services1.arcgis.com/ZIL9uO234SBBPGL7/arcgis/rest/services/Detailed_Not_Hispanic_or_Latino_2020/FeatureServer/5
Resident_Demographics_Ethnicity_and_Race_Not_Hispanic_Latino_by_Race_2020_White,Resident Demographics / Ethnicity and Race / Not Hispanic/Latino by Race 2020,White,2495,Resident_Demographics_Ethnicity_and_Race_Not_Hispanic_Latino_by_Race_2020_White.parquet,polygon_2495_a735b0fc.parquet,https://services1.arcgis.com/ZIL9uO234SBBPGL7/arcgis/rest/services/Detailed_Not_Hispanic_or_Latino_2020/FeatureServer/0
Resident_Demographics_Ethnicity_and_Race_Not_Hispanic_Latino_by_Race_2020_Native_Hawaiian_and_Other_Pacific_Islander,Resident Demographics / Ethnicity and Race / Not Hispanic/Latino by Race 2020,Native Hawaiian and Other Pacific Islander,2495,Resident_Demographics_Ethnicity_and_Race_Not_Hispanic_Latino_by_Race_2020_Native_Hawaiian_and_Other_Pacific_Islander.parquet,polygon_2495_a735b0fc.parquet,https://services1.arcgis.com/ZIL9uO234SBBPGL7/arcgis/rest/services/Detailed_Not_Hispanic_or_Latino_2020/FeatureServer/4
Resident_Demographics_Ethnicity_and_Race_Not_Hispanic_Latino_by_Race_2020_Black_or_African_American,Resident Demographics / Ethnicity and Race / Not Hispanic/Latino by Race 2020,Black or African American,2495,Resident_Demographics_Ethnicity_and_Race_Not_Hispanic_Latino_by_Race_2020_Black_or_African_American.parquet,polygon_2495_a735b0fc.parquet,https://services1.arcgis.com/ZIL9uO234SBBPGL7/arcgis/rest/services/Detailed_Not_Hispanic_or_Latino_2020/FeatureServer/1
Resident_Demographics_Ethnicity_and_Race_Not_Hispanic_Latino_by_Race_2020_Asian,Resident Demographics / Ethnicity and Race / Not Hispanic/Latino by Race 2020,Asian,2495,Resident_Demographics_Ethnicity_and_Race_Not_Hispanic_Latino_by_Race_2020_Asian.parquet,polygon_2495_a735b0fc.parquet,https://services1.arcgis.com/ZIL9uO234SBBPGL7/arcgis/rest/services/Detailed_Not_Hispanic_or_Latino_2020/FeatureServer/3
Resident_Demographics_Ethnicity_and_Race_Not_Hispanic_Latino_by_Race_2020_American_Indian_and_Alaska_Native,Resident Demographics / Ethnicity and Race / Not Hispanic/Latino by Race 2020,American Indian and Alaska Native,2495,Resident_Demographics_Ethnicity_and_Race_Not_Hispanic_Latino_by_Race_2020_American_Indian_and_Alaska_Native.parquet,polygon_2495_a735b0fc.parquet,https://services1.arcgis.com/ZIL9uO234SBBPGL7/arcgis/rest/services/Detailed_Not_Hispanic_or_Latino_2020/FeatureServer/2
Resident_Demographics_Ethnicity_and_Race_Hispanic_Latino_by_Race_2020_Two_or_More_Races,Resident Demographics / Ethnicity and Race / Hispanic/Latino by Race 2020,Two or More Races,2495,Resident_Demographics_Ethnicity_and_Race_Hispanic_Latino_by_Race_2020_Two_or_More_Races.parquet,polygon_2495_a735b0fc.parquet,https://services1.arcgis.com/ZIL9uO234SBBPGL7/arcgis/rest/services/Detailed_Hispanic_or_Latino_2020/FeatureServer/6
Resident_Demographics_Ethnicity_and_Race_Hispanic_Latino_by_Race_2020_Other_Race,Resident Demographics / Ethnicity and Race / Hispanic/Latino by Race 2020,Other Race,2495,Resident_Demographics_Ethnicity_and_Race_Hispanic_Latino_by_Race_2020_Other_Race.parquet,polygon_2495_a735b0fc.parquet,https://services1.arcgis.com/ZIL9uO234SBBPGL7/arcgis/rest/services/Detailed_Hispanic_or_Latino_2020/FeatureServer/5
Resident_Demographics_Ethnicity_and_Race_Hispanic_Latino_by_Race_2020_White,Resident Demographics / Ethnicity and Race / Hispanic/Latino by Race 2020,White,2495,Resident_Demographics_Ethnicity_and_Race_Hispanic_Latino_by_Race_2020_White.parquet,polygon_2495_a735b0fc.parquet,https://services1.arcgis.com/ZIL9uO234SBBPGL7/arcgis/rest/services/Detailed_Hispanic_or_Latino_2020/FeatureServer/0
Resident_Demographics_Ethnicity_and_Race_Hispanic_Latino_by_Race_2020_Native_Hawaiian_and_Other_Pacific_Islander,Resident Demographics / Ethnicity and Race / Hispanic/Latino by Race 2020,Native Hawaiian and Other Pacific Islander,2495,Resident_Demographics_Ethnicity_and_Race_Hispanic_Latino_by_Race_2020_Native_Hawaiian_and_Other_Pacific_Islander.parquet,polygon_2495_a735b0fc.parquet,https://services1.arcgis.com/ZIL9uO234SBBPGL7/arcgis/rest/services/Detailed_Hispanic_or_Latino_2020/FeatureServer/4
Resident_Demographics_Ethnicity_and_Race_Hispanic_Latino_by_Race_2020_Black_or_African_American,Resident Demographics / Ethnicity and Race / Hispanic/Latino by Race 2020,Black or African American,2495,Resident_Demographics_Ethnicity_and_Race_Hispanic_Latino_by_Race_2020_Black_or_African_American.parquet,polygon_2495_a735b0fc.parquet,https://services1.arcgis.com/ZIL9uO234SBBPGL7/arcgis/rest/services/Detailed_Hispanic_or_Latino_2020/FeatureServer/1
Resident_Demographics_Ethnicity_and_Race_Hispanic_Latino_by_Race_2020_Asian,Resident Demographics / Ethnicity and Race / Hispanic/Latino by Race 2020,Asian,2495,Resident_Demographics_Ethnicity_and_Race_Hispanic_Latino_by_Race_2020_Asian.parquet,polygon_2495_a735b0fc.parquet,https://services1.arcgis.com/ZIL9uO234SBBPGL7/arcgis/rest/services/Detailed_Hispanic_or_Latino_2020/FeatureServer/3
Resident_Demographics_Ethnicity_and_Race_Hispanic_Latino_by_Race_2020_American_Indian_and_Alaska_Native,Resident Demographics / Ethnicity and Race / Hispanic/Latino by Race 2020,American Indian and Alaska Native,2495,Resident_Demographics_Ethnicity_and_Race_Hispanic_Latino_by_Race_2020_American_Indian_and_Alaska_Native.parquet,polygon_2495_a735b0fc.parquet,https://services1.arcgis.com/ZIL9uO234SBBPGL7/arcgis/rest/services/Detailed_Hispanic_or_Latino_2020/FeatureServer/2
Resident_Demographics_Ethnicity_and_Race_Not_Hispanic_Latino_by_Race_2021_Two_or_More_Races,Resident Demographics / Ethnicity and Race / Not Hispanic/Latino by Race 2021,Two or More Races,2495,Resident_Demographics_Ethnicity_and_Race_Not_Hispanic_Latino_by_Race_2021_Two_or_More_Races.parquet,polygon_2495_a735b0fc.parquet,https://services1.arcgis.com/ZIL9uO234SBBPGL7/arcgis/rest/services/Detailed_Not_Hispanic_or_Latino_2021/FeatureServer/6
Resident_Demographics_Ethnicity_and_Race_Not_Hispanic_Latino_by_Race_2021_Other_Race,Resident Demographics / Ethnicity and Race / Not Hispanic/Latino by Race 2021,Other Race,2495,Resident_Demographics_Ethnicity_and_Race_Not_Hispanic_Latino_by_Race_2021_Other_Race.parquet,polygon_2495_a735b0fc.parquet,https://services1.arcgis.com/ZIL9uO234SBBPGL7/arcgis/rest/services/Detailed_Not_Hispanic_or_Latino_2021/FeatureServer/5
Resident_Demographics_Ethnicity_and_Race_Not_Hispanic_Latino_by_Race_2021_White,Resident Demographics / Ethnicity and Race / Not Hispanic/Latino by Race 2021,White,2495,Resident_Demographics_Ethnicity_and_Race_Not_Hispanic_Latino_by_Race_2021_White.parquet,polygon_2495_a735b0fc.parquet,https://services1.arcgis.com/ZIL9uO234SBBPGL7/arcgis/rest/services/Detailed_Not_Hispanic_or_Latino_2021/FeatureServer/0
Resident_Demographics_Ethnicity_and_Race_Not_Hispanic_Latino_by_Race_2021_Native_Hawaiian_and_Other_Pacific_Islander,Resident Demographics / Ethnicity and Race / Not Hispanic/Latino by Race 2021,Native Hawaiian and Other Pacific Islander,2495,Resident_Demographics_Ethnicity_and_Race_Not_Hispanic_Latino_by_Race_2021_Native_Hawaiian_and_Other_Pacific_Islander.parquet,polygon_2495_a735b0fc.parquet,https://services1.arcgis.com/ZIL9uO234SBBPGL7/arcgis/rest/services/Detailed_Not_Hispanic_or_Latino_2021/FeatureServer/4
Resident_Demographics_Ethnicity_and_Race_Not_Hispanic_Latino_by_Race_2021_Black_or_African_American,Resident Demographics / Ethnicity and Race / Not Hispanic/Latino by Race 2021,Black or African American,2495,Resident_Demographics_Ethnicity_and_Race_Not_Hispanic_Latino_by_Race_2021_Black_or_African_American.parquet,polygon_2495_a735b0fc.parquet,https://services1.arcgis.com/ZIL9uO234SBBPGL7/arcgis/rest/services/Detailed_Not_Hispanic_or_Latino_2021/FeatureServer/1
Resident_Demographics_Ethnicity_and_Race_Not_Hispanic_Latino_by_Race_2021_Asian,Resident Demographics / Ethnicity and Race / Not Hispanic/Latino by Race 2021,Asian,2495,Resident_Demographics_Ethnicity_and_Race_Not_Hispanic_Latino_by_Race_2021_Asian.parquet,polygon_2495_a735b0fc.parquet,https://services1.arcgis.com/ZIL9uO234SBBPGL7/arcgis/rest/services/Detailed_Not_Hispanic_or_Latino_2021/FeatureServer/3
Resident_Demographics_Ethnicity_and_Race_Not_Hispanic_Latino_by_Race_2021_American_Indian_and_Alaska_Native,Resident Demographics / Ethnicity and Race / Not Hispanic/Latino by Race 2021,American Indian and Alaska Native,2495,Resident_Demographics_Ethnicity_and_Race_Not_Hispanic_Latino_by_Race_2021_American_Indian_and_Alaska_Native.parquet,polygon_2495_a735b0fc.parquet,https://services1.arcgis.com/ZIL9uO234SBBPGL7/arcgis/rest/services/Detailed_Not_Hispanic_or_Latino_2021/FeatureServer/2
Resident_Demographics_Ethnicity_and_Race_Hispanic_Latino_by_Race_2021_Two_or_More_Races,Resident Demographics / Ethnicity and Race / Hispanic/Latino by Race 2021,Two or More Races,2495,Resident_Demographics_Ethnicity_and_Race_Hispanic_Latino_by_Race_2021_Two_or_More_Races.parquet,polygon_2495_a735b0fc.parquet,https://services1.arcgis.com/ZIL9uO234SBBPGL7/arcgis/rest/services/Detailed_Hispanic_or_Latino_2021/FeatureServer/6
Resident_Demographics_Ethnicity_and_Race_Hispanic_Latino_by_Race_2021_Other_Race,Resident Demographics / Ethnicity and Race / Hispanic/Latino by Race 2021,Other Race,2495,Resident_Demographics_Ethnicity_and_Race_Hispanic_Latino_by_Race_2021_Other_Race.parquet,polygon_2495_a735b0fc.parquet,https://services1.arcgis.com/ZIL9uO234SBBPGL7/arcgis/rest/services/Detailed_Hispanic_or_Latino_2021/FeatureServer/5
Resident_Demographics_Ethnicity_and_Race_Hispanic_Latino_by_Race_2021_White,Resident Demographics / Ethnicity and Race / Hispanic/Latino by Race 2021,White,2495,Resident_Demographics_Ethnicity_and_Race_Hispanic_Latino_by_Race_2021_White.parquet,polygon_2495_a735b0fc.parquet,https://services1.arcgis.com/ZIL9uO234SBBPGL7/arcgis/rest/services/Detailed_Hispanic_or_Latino_2021/FeatureServer/0
Resident_Demographics_Ethnicity_and_Race_Hispanic_Latino_by_Race_2021_Native_Hawaiian_and_Other_Pacific_Islander,Resident Demographics / Ethnicity and Race / Hispanic/Latino by Race 2021,Native Hawaiian and Other Pacific Islander,2495,Resident_Demographics_Ethnicity_and_Race_Hispanic_Latino_by_Race_2021_Native_Hawaiian_and_Other_Pacific_Islander.parquet,polygon_2495_a735b0fc.parquet,https://services1.arcgis.com/ZIL9uO234SBBPGL7/arcgis/rest/services/Detailed_Hispanic_or_Latino_2021/FeatureServer/4
Resident_Demographics_Ethnicity_and_Race_Hispanic_Latino_by_Race_2021_Black_or_African_American,Resident Demographics / Ethnicity and Race / Hispanic/Latino by Race 2021,Black or African American,2495,Resident_Demographics_Ethnicity_and_Race_Hispanic_Latino_by_Race_2021_Black_or_African_American.parquet,polygon_2495_a735b0fc.parquet,https://services1.arcgis.com/ZIL9uO234SBBPGL7/arcgis/rest/services/Detailed_Hispanic_or_Latino_2021/FeatureServer/1
Resident_Demographics_Ethnicity_and_Race_Hispanic_Latino_by_Race_2021_Asian,Resident Demographics / Ethnicity and Race / Hispanic/Latino by Race 2021,Asian,2495,Resident_Demographics_Ethnicity_and_Race_Hispanic_Latino_by_Race_2021_Asian.parquet,polygon_2495_a735b0fc.parquet,https://services1.arcgis.com/ZIL9uO234SBBPGL7/arcgis/rest/services/Detailed_Hispanic_or_Latino_2021/FeatureServer/3
Resident_Demographics_Ethnicity_and_Race_Hispanic_Latino_by_Race_2021_American_Indian_and_Alaska_Native,Resident Demographics / Ethnicity and Race / Hispanic/Latino by Race 2021,American Indian and Alaska Native,2495,Resident_Demographics_Ethnicity_and_Race_Hispanic_Latino_by_Race_2021_American_Indian_and_Alaska_Native.parquet,polygon_2495_a735b0fc.parquet,https://services1.arcgis.com/ZIL9uO234SBBPGL7/arcgis/rest/services/Detailed_Hispanic_or_Latino_2021/FeatureServer/2
Resident_Demographics_Ethnicity_and_Race_Not_Hispanic_Latino_by_Race_2022_Two_or_More_Races,Resident Demographics / Ethnicity and Race / Not Hispanic/Latino by Race 2022,Two or More Races,2495,Resident_Demographics_Ethnicity_and_Race_Not_Hispanic_Latino_by_Race_2022_Two_or_More_Races.parquet,polygon_2495_a735b0fc.parquet,https://services1.arcgis.com/ZIL9uO234SBBPGL7/arcgis/rest/services/Detailed_Not_Hispanic_or_Latino_2022/FeatureServer/6
Resident_Demographics_Ethnicity_and_Race_Not_Hispanic_Latino_by_Race_2022_Some_Other_Race_Alone,Resident Demographics / Ethnicity and Race / Not Hispanic/Latino by Race 2022,Some Other Race Alone,2495,Resident_Demographics_Ethnicity_and_Race_Not_Hispanic_Latino_by_Race_2022_Some_Other_Race_Alone.parquet,polygon_2495_a735b0fc.parquet,https://services1.arcgis.com/ZIL9uO234SBBPGL7/arcgis/rest/services/Detailed_Not_Hispanic_or_Latino_2022/FeatureServer/5
Resident_Demographics_Ethnicity_and_Race_Not_Hispanic_Latino_by_Race_2022_White_Alone,Resident Demographics / Ethnicity and Race / Not Hispanic/Latino by Race 2022,White Alone,2495,Resident_Demographics_Ethnicity_and_Race_Not_Hispanic_Latino_by_Race_2022_White_Alone.parquet,polygon_2495_a735b0fc.parquet,https://services1.arcgis.com/ZIL9uO234SBBPGL7/arcgis/rest/services/Detailed_Not_Hispanic_or_Latino_2022/FeatureServer/0
Resident_Demographics_Ethnicity_and_Race_Not_Hispanic_Latino_by_Race_2022_Black_or_African_American_Alone,Resident Demographics / Ethnicity and Race / Not Hispanic/Latino by Race 2022,Black or African American Alone,2495,Resident_Demographics_Ethnicity_and_Race_Not_Hispanic_Latino_by_Race_2022_Black_or_African_American_Alone.parquet,polygon_2495_a735b0fc.parquet,https://services1.arcgis.com/ZIL9uO234SBBPGL7/arcgis/rest/services/Detailed_Not_Hispanic_or_Latino_2022/FeatureServer/1
Resident_Demographics_Ethnicity_and_Race_Not_Hispanic_Latino_by_Race_2022_Native_Hawaiian_and_Other_Pacific_Islander_Alo,Resident Demographics / Ethnicity and Race / Not Hispanic/Latino by Race 2022,Native Hawaiian and Other Pacific Islander Alone,2495,Resident_Demographics_Ethnicity_and_Race_Not_Hispanic_Latino_by_Race_2022_Native_Hawaiian_and_Other_Pacific_Islander_Alo.parquet,polygon_2495_a735b0fc.parquet,https://services1.arcgis.com/ZIL9uO234SBBPGL7/arcgis/rest/services/Detailed_Not_Hispanic_or_Latino_2022/FeatureServer/4
Resident_Demographics_Ethnicity_and_Race_Not_Hispanic_Latino_by_Race_2022_Asian_Alone,Resident Demographics / Ethnicity and Race / Not Hispanic/Latino by Race 2022,Asian Alone,2495,Resident_Demographics_Ethnicity_and_Race_Not_Hispanic_Latino_by_Race_2022_Asian_Alone.parquet,polygon_2495_a735b0fc.parquet,https://services1.arcgis.com/ZIL9uO234SBBPGL7/arcgis/rest/services/Detailed_Not_Hispanic_or_Latino_2022/FeatureServer/3
Resident_Demographics_Ethnicity_and_Race_Not_Hispanic_Latino_by_Race_2022_American_Indian_and_Alaska_Native_Alone,Resident Demographics / Ethnicity and Race / Not Hispanic/Latino by Race 2022,American Indian and Alaska Native Alone,2495,Resident_Demographics_Ethnicity_and_Race_Not_Hispanic_Latino_by_Race_2022_American_Indian_and_Alaska_Native_Alone.parquet,polygon_2495_a735b0fc.parquet,https://services1.arcgis.com/ZIL9uO234SBBPGL7/arcgis/rest/services/Detailed_Not_Hispanic_or_Latino_2022/FeatureServer/2
Resident_Demographics_Ethnicity_and_Race_Hispanic_Latino_by_Race_2022_Two_or_More_Races,Resident Demographics / Ethnicity and Race / Hispanic/Latino by Race 2022,Two or More Races,2495,Resident_Demographics_Ethnicity_and_Race_Hispanic_Latino_by_Race_2022_Two_or_More_Races.parquet,polygon_2495_a735b0fc.parquet,https://services1.arcgis.com/ZIL9uO234SBBPGL7/arcgis/rest/services/Detailed_Hispanic_or_Latino_2022/FeatureServer/6
Resident_Demographics_Ethnicity_and_Race_Hispanic_Latino_by_Race_2022_Some_Other_Race_Alone,Resident Demographics / Ethnicity and Race / Hispanic/Latino by Race 2022,Some Other Race Alone,2495,Resident_Demographics_Ethnicity_and_Race_Hispanic_Latino_by_Race_2022_Some_Other_Race_Alone.parquet,polygon_2495_a735b0fc.parquet,https://services1.arcgis.com/ZIL9uO234SBBPGL7/arcgis/rest/services/Detailed_Hispanic_or_Latino_2022/FeatureServer/5
Resident_Demographics_Ethnicity_and_Race_Hispanic_Latino_by_Race_2022_White_Alone,Resident Demographics / Ethnicity and Race / Hispanic/Latino by Race 2022,White Alone,2495,Resident_Demographics_Ethnicity_and_Race_Hispanic_Latino_by_Race_2022_White_Alone.parquet,polygon_2495_a735b0fc.parquet,https://services1.arcgis.com/ZIL9uO234SBBPGL7/arcgis/rest/services/Detailed_Hispanic_or_Latino_2022/FeatureServer/0
Resident_Demographics_Ethnicity_and_Race_Hispanic_Latino_by_Race_2022_Native_Hawaiian_and_Other_Pacific_Islander_Alone,Resident Demographics / Ethnicity and Race / Hispanic/Latino by Race 2022,Native Hawaiian and Other Pacific Islander Alone,2495,Resident_Demographics_Ethnicity_and_Race_Hispanic_Latino_by_Race_2022_Native_Hawaiian_and_Other_Pacific_Islander_Alone.parquet,polygon_2495_a735b0fc.parquet,https://services1.arcgis.com/ZIL9uO234SBBPGL7/arcgis/rest/services/Detailed_Hispanic_or_Latino_2022/FeatureServer/4
Resident_Demographics_Ethnicity_and_Race_Hispanic_Latino_by_Race_2022_Black_or_African_American_Alone,Resident Demographics / Ethnicity and Race / Hispanic/Latino by Race 2022,Black or African American Alone,2495,Resident_Demographics_Ethnicity_and_Race_Hispanic_Latino_by_Race_2022_Black_or_African_American_Alone.parquet,polygon_2495_a735b0fc.parquet,https://services1.arcgis.com/ZIL9uO234SBBPGL7/arcgis/rest/services/Detailed_Hispanic_or_Latino_2022/FeatureServer/1
Resident_Demographics_Ethnicity_and_Race_Hispanic_Latino_by_Race_2022_Asian_Alone,Resident Demographics / Ethnicity and Race / Hispanic/Latino by Race 2022,Asian Alone,2495,Resident_Demographics_Ethnicity_and_Race_Hispanic_Latino_by_Race_2022_Asian_Alone.parquet,polygon_2495_a735b0fc.parquet,https://services1.arcgis.com/ZIL9uO234SBBPGL7/arcgis/rest/services/Detailed_Hispanic_or_Latino_2022/FeatureServer/3
Resident_Demographics_Ethnicity_and_Race_Hispanic_Latino_by_Race_2022_American_Indian_and_Alaska_Native_Alone,Resident Demographics / Ethnicity and Race / Hispanic/Latino by Race 2022,American Indian and Alaska Native Alone,2495,Resident_Demographics_Ethnicity_and_Race_Hispanic_Latino_by_Race_2022_American_Indian_and_Alaska_Native_Alone.parquet,polygon_2495_a735b0fc.parquet,https://services1.arcgis.com/ZIL9uO234SBBPGL7/arcgis/rest/services/Detailed_Hispanic_or_Latino_2022/FeatureServer/2
Resident_Demographics_Ethnicity_and_Race_Not_Hispanic_Latino_by_Race_2023_Two_or_More_Races,Resident Demographics / Ethnicity and Race / Not Hispanic/Latino by Race 2023,Two or More Races,2496,Resident_Demographics_Ethnicity_and_Race_Not_Hispanic_Latino_by_Race_2023_Two_or_More_Races.parquet,polygon_2496_6e0865c9.parquet,https://services1.arcgis.com/ZIL9uO234SBBPGL7/arcgis/rest/services/NH_Two_or_More_Races_2023/FeatureServer/77
Resident_Demographics_Ethnicity_and_Race_Not_Hispanic_Latino_by_Race_2023_Other_Race,Resident Demographics / Ethnicity and Race / Not Hispanic/Latino by Race 2023,Other Race,2496,Resident_Demographics_Ethnicity_and_Race_Not_Hispanic_Latino_by_Race_2023_Other_Race.parquet,polygon_2496_6e0865c9.parquet,https://services1.arcgis.com/ZIL9uO234SBBPGL7/arcgis/rest/services/NH_Some_Other_Race_Alone_2023/FeatureServer/75
Resident_Demographics_Ethnicity_and_Race_Not_Hispanic_Latino_by_Race_2023_White,Resident Demographics / Ethnicity and Race / Not Hispanic/Latino by Race 2023,White,2496,Resident_Demographics_Ethnicity_and_Race_Not_Hispanic_Latino_by_Race_2023_White.parquet,polygon_2496_6e0865c9.parquet,https://services1.arcgis.com/ZIL9uO234SBBPGL7/arcgis/rest/services/NH_White_Alone_2023/FeatureServer/79
Resident_Demographics_Ethnicity_and_Race_Not_Hispanic_Latino_by_Race_2023_Native_Hawaiian_and_Other_Pacific_Islander,Resident Demographics / Ethnicity and Race / Not Hispanic/Latino by Race 2023,Native Hawaiian and Other Pacific Islander,2496,Resident_Demographics_Ethnicity_and_Race_Not_Hispanic_Latino_by_Race_2023_Native_Hawaiian_and_Other_Pacific_Islander.parquet,polygon_2496_6e0865c9.parquet,https://services1.arcgis.com/ZIL9uO234SBBPGL7/arcgis/rest/services/NH_Native_Hawaiian_and_Other_Pacific_Islander_Alone_2023/FeatureServer/74
Resident_Demographics_Ethnicity_and_Race_Not_Hispanic_Latino_by_Race_2023_Black_or_African_American,Resident Demographics / Ethnicity and Race / Not Hispanic/Latino by Race 2023,Black or African American,2496,Resident_Demographics_Ethnicity_and_Race_Not_Hispanic_Latino_by_Race_2023_Black_or_African_American.parquet,polygon_2496_6e0865c9.parquet,https://services1.arcgis.com/ZIL9uO234SBBPGL7/arcgis/rest/services/NH_Black_or_African_American_Alone_2023/FeatureServer/68
Resident_Demographics_Ethnicity_and_Race_Not_Hispanic_Latino_by_Race_2023_Asian,Resident Demographics / Ethnicity and Race / Not Hispanic/Latino by Race 2023,Asian,2496,Resident_Demographics_Ethnicity_and_Race_Not_Hispanic_Latino_by_Race_2023_Asian.parquet,polygon_2496_6e0865c9.parquet,https://services1.arcgis.com/ZIL9uO234SBBPGL7/arcgis/rest/services/NH_Asian_Alone_2023/FeatureServer/66
Resident_Demographics_Ethnicity_and_Race_Not_Hispanic_Latino_by_Race_2023_American_Indian_and_Alaska_Native,Resident Demographics / Ethnicity and Race / Not Hispanic/Latino by Race 2023,American Indian and Alaska Native,2496,Resident_Demographics_Ethnicity_and_Race_Not_Hispanic_Latino_by_Race_2023_American_Indian_and_Alaska_Native.parquet,polygon_2496_6e0865c9.parquet,https://services1.arcgis.com/ZIL9uO234SBBPGL7/arcgis/rest/services/NH_American_Indian_and_Alaska_Native_Alone_2023/FeatureServer/63
Resident_Demographics_Ethnicity_and_Race_Hispanic_Latino_by_Race_2023_Two_or_More_Races,Resident Demographics / Ethnicity and Race / Hispanic/Latino by Race 2023,Two or More Races,2496,Resident_Demographics_Ethnicity_and_Race_Hispanic_Latino_by_Race_2023_Two_or_More_Races.parquet,polygon_2496_6e0865c9.parquet,https://services1.arcgis.com/ZIL9uO234SBBPGL7/arcgis/rest/services/H_Two_or_More_Races_2023/FeatureServer/58
Resident_Demographics_Ethnicity_and_Race_Hispanic_Latino_by_Race_2023_Other_Race,Resident Demographics / Ethnicity and Race / Hispanic/Latino by Race 2023,Other Race,2496,Resident_Demographics_Ethnicity_and_Race_Hispanic_Latino_by_Race_2023_Other_Race.parquet,polygon_2496_6e0865c9.parquet,https://services1.arcgis.com/ZIL9uO234SBBPGL7/arcgis/rest/services/H_Some_Other_Race_Alone_2023/FeatureServer/57
Resident_Demographics_Ethnicity_and_Race_Hispanic_Latino_by_Race_2023_White,Resident Demographics / Ethnicity and Race / Hispanic/Latino by Race 2023,White,2496,Resident_Demographics_Ethnicity_and_Race_Hispanic_Latino_by_Race_2023_White.parquet,polygon_2496_6e0865c9.parquet,https://services1.arcgis.com/ZIL9uO234SBBPGL7/arcgis/rest/services/H_White_Alone_2023/FeatureServer/60
Resident_Demographics_Ethnicity_and_Race_Hispanic_Latino_by_Race_2023_Native_Hawaiian_and_Other_Pacific_Islander,Resident Demographics / Ethnicity and Race / Hispanic/Latino by Race 2023,Native Hawaiian and Other Pacific Islander,2496,Resident_Demographics_Ethnicity_and_Race_Hispanic_Latino_by_Race_2023_Native_Hawaiian_and_Other_Pacific_Islander.parquet,polygon_2496_6e0865c9.parquet,https://services1.arcgis.com/ZIL9uO234SBBPGL7/arcgis/rest/services/H_Native_Hawaiian_and_Other_Pacific_Islander_Alone_2023/FeatureServer/54
Resident_Demographics_Ethnicity_and_Race_Hispanic_Latino_by_Race_2023_Black_or_African_American,Resident Demographics / Ethnicity and Race / Hispanic/Latino by Race 2023,Black or African American,2496,Resident_Demographics_Ethnicity_and_Race_Hispanic_Latino_by_Race_2023_Black_or_African_American.parquet,polygon_2496_6e0865c9.parquet,https://services1.arcgis.com/ZIL9uO234SBBPGL7/arcgis/rest/services/H_Black_or_African_American_Alone_2023/FeatureServer/51
Resident_Demographics_Ethnicity_and_Race_Hispanic_Latino_by_Race_2023_Asian,Resident Demographics / Ethnicity and Race / Hispanic/Latino by Race 2023,Asian,2496,Resident_Demographics_Ethnicity_and_Race_Hispanic_Latino_by_Race_2023_Asian.parquet,polygon_2496_6e0865c9.parquet,https://services1.arcgis.com/ZIL9uO234SBBPGL7/arcgis/rest/services/H_Asian_Alone_2023/FeatureServer/48
Resident_Demographics_Ethnicity_and_Race_Hispanic_Latino_by_Race_2023_American_Indian_and_Alaska_Native,Resident Demographics / Ethnicity and Race / Hispanic/Latino by Race 2023,American Indian and Alaska Native,2496,Resident_Demographics_Ethnicity_and_Race_Hispanic_Latino_by_Race_2023_American_Indian_and_Alaska_Native.parquet,polygon_2496_6e0865c9.parquet,https://services1.arcgis.com/ZIL9uO234SBBPGL7/arcgis/rest/services/H_American_Indian_and_Alaska_Native_Alone_2023/FeatureServer/45
Resident_Demographics_Ethnicity_and_Race_Not_Hispanic_Latino_by_Race_2024_Two_or_More_Races,Resident Demographics / Ethnicity and Race / Not Hispanic/Latino by Race 2024,Two or More Races,2496,Resident_Demographics_Ethnicity_and_Race_Not_Hispanic_Latino_by_Race_2024_Two_or_More_Races.parquet,polygon_2496_6e0865c9.parquet,https://services1.arcgis.com/ZIL9uO234SBBPGL7/arcgis/rest/services/NH_Two_or_More_Races_2024/FeatureServer/10
Resident_Demographics_Ethnicity_and_Race_Not_Hispanic_Latino_by_Race_2024_Other_Race,Resident Demographics / Ethnicity and Race / Not Hispanic/Latino by Race 2024,Other Race,2496,Resident_Demographics_Ethnicity_and_Race_Not_Hispanic_Latino_by_Race_2024_Other_Race.parquet,polygon_2496_6e0865c9.parquet,https://services1.arcgis.com/ZIL9uO234SBBPGL7/arcgis/rest/services/NH_Some_Other_Race_2024/FeatureServer/11
Resident_Demographics_Ethnicity_and_Race_Not_Hispanic_Latino_by_Race_2024_White,Resident Demographics / Ethnicity and Race / Not Hispanic/Latino by Race 2024,White,2496,Resident_Demographics_Ethnicity_and_Race_Not_Hispanic_Latino_by_Race_2024_White.parquet,polygon_2496_6e0865c9.parquet,https://services1.arcgis.com/ZIL9uO234SBBPGL7/arcgis/rest/services/NH_White_2024/FeatureServer/12
Resident_Demographics_Ethnicity_and_Race_Not_Hispanic_Latino_by_Race_2024_Native_Hawaiian_and_Other_Pacific_Islander,Resident Demographics / Ethnicity and Race / Not Hispanic/Latino by Race 2024,Native Hawaiian and Other Pacific Islander,2496,Resident_Demographics_Ethnicity_and_Race_Not_Hispanic_Latino_by_Race_2024_Native_Hawaiian_and_Other_Pacific_Islander.parquet,polygon_2496_6e0865c9.parquet,https://services1.arcgis.com/ZIL9uO234SBBPGL7/arcgis/rest/services/NH_NHOPI_2024/FeatureServer/13
Resident_Demographics_Ethnicity_and_Race_Not_Hispanic_Latino_by_Race_2024_Black_or_African_American,Resident Demographics / Ethnicity and Race / Not Hispanic/Latino by Race 2024,Black or African American,2496,Resident_Demographics_Ethnicity_and_Race_Not_Hispanic_Latino_by_Race_2024_Black_or_African_American.parquet,polygon_2496_6e0865c9.parquet,https://services1.arcgis.com/ZIL9uO234SBBPGL7/arcgis/rest/services/NH_Black_2024/FeatureServer/14
Resident_Demographics_Ethnicity_and_Race_Not_Hispanic_Latino_by_Race_2024_Asian,Resident Demographics / Ethnicity and Race / Not Hispanic/Latino by Race 2024,Asian,2496,Resident_Demographics_Ethnicity_and_Race_Not_Hispanic_Latino_by_Race_2024_Asian.parquet,polygon_2496_6e0865c9.parquet,https://services1.arcgis.com/ZIL9uO234SBBPGL7/arcgis/rest/services/NH_Asian_2024/FeatureServer/15
Resident_Demographics_Ethnicity_and_Race_Not_Hispanic_Latino_by_Race_2024_American_Indian_and_Alaska_Native,Resident Demographics / Ethnicity and Race / Not Hispanic/Latino by Race 2024,American Indian and Alaska Native,2496,Resident_Demographics_Ethnicity_and_Race_Not_Hispanic_Latino_by_Race_2024_American_Indian_and_Alaska_Native.parquet,polygon_2496_6e0865c9.parquet,https://services1.arcgis.com/ZIL9uO234SBBPGL7/arcgis/rest/services/NH_AIAN_2024/FeatureServer/16
Resident_Demographics_Ethnicity_and_Race_Hispanic_Latino_By_Race_2024_Two_or_More_Races,Resident Demographics / Ethnicity and Race / Hispanic/Latino By Race 2024,Two or More Races,2496,Resident_Demographics_Ethnicity_and_Race_Hispanic_Latino_By_Race_2024_Two_or_More_Races.parquet,polygon_2496_6e0865c9.parquet,https://services1.arcgis.com/ZIL9uO234SBBPGL7/arcgis/rest/services/H_Two_or_More_Races/FeatureServer/17
Resident_Demographics_Ethnicity_and_Race_Hispanic_Latino_By_Race_2024_Other_Race,Resident Demographics / Ethnicity and Race / Hispanic/Latino By Race 2024,Other Race,2496,Resident_Demographics_Ethnicity_and_Race_Hispanic_Latino_By_Race_2024_Other_Race.parquet,polygon_2496_6e0865c9.parquet,https://services1.arcgis.com/ZIL9uO234SBBPGL7/arcgis/rest/services/H_Some_Other_Race/FeatureServer/18
Resident_Demographics_Ethnicity_and_Race_Hispanic_Latino_By_Race_2024_White,Resident Demographics / Ethnicity and Race / Hispanic/Latino By Race 2024,White,2496,Resident_Demographics_Ethnicity_and_Race_Hispanic_Latino_By_Race_2024_White.parquet,polygon_2496_6e0865c9.parquet,https://services1.arcgis.com/ZIL9uO234SBBPGL7/arcgis/rest/services/H_White_2024/FeatureServer/19
Resident_Demographics_Ethnicity_and_Race_Hispanic_Latino_By_Race_2024_Native_Hawaiian_and_Other_Pacific_Islander,Resident Demographics / Ethnicity and Race / Hispanic/Latino By Race 2024,Native Hawaiian and Other Pacific Islander,2496,Resident_Demographics_Ethnicity_and_Race_Hispanic_Latino_By_Race_2024_Native_Hawaiian_and_Other_Pacific_Islander.parquet,polygon_2496_6e0865c9.parquet,https://services1.arcgis.com/ZIL9uO234SBBPGL7/arcgis/rest/services/H_NHOPI_2024/FeatureServer/20
Resident_Demographics_Ethnicity_and_Race_Hispanic_Latino_By_Race_2024_Black_or_African_American,Resident Demographics / Ethnicity and Race / Hispanic/Latino By Race 2024,Black or African American,2496,Resident_Demographics_Ethnicity_and_Race_Hispanic_Latino_By_Race_2024_Black_or_African_American.parquet,polygon_2496_6e0865c9.parquet,https://services1.arcgis.com/ZIL9uO234SBBPGL7/arcgis/rest/services/H_Black_2024/FeatureServer/21
Resident_Demographics_Ethnicity_and_Race_Hispanic_Latino_By_Race_2024_Asian,Resident Demographics / Ethnicity and Race / Hispanic/Latino By Race 2024,Asian,2496,Resident_Demographics_Ethnicity_and_Race_Hispanic_Latino_By_Race_2024_Asian.parquet,polygon_2496_6e0865c9.parquet,https://services1.arcgis.com/ZIL9uO234SBBPGL7/arcgis/rest/services/H_Asian_2024/FeatureServer/22
Resident_Demographics_Ethnicity_and_Race_Hispanic_Latino_By_Race_2024_American_Indian_and_Alaska_Native,Resident Demographics / Ethnicity and Race / Hispanic/Latino By Race 2024,American Indian and Alaska Native,2496,Resident_Demographics_Ethnicity_and_Race_Hispanic_Latino_By_Race_2024_American_Indian_and_Alaska_Native.parquet,polygon_2496_6e0865c9.parquet,https://services1.arcgis.com/ZIL9uO234SBBPGL7/arcgis/rest/services/H_AIAN_2024/FeatureServer/23
Resident_Demographics_Ethnicity_Hispanic_or_Latino_Hispanic_or_Latino_2020,Resident Demographics / Ethnicity: Hispanic or Latino,Hispanic or Latino 2020 ,2495,Resident_Demographics_Ethnicity_Hispanic_or_Latino_Hispanic_or_Latino_2020.parquet,polygon_2495_a735b0fc.parquet,https://services1.arcgis.com/ZIL9uO234SBBPGL7/arcgis/rest/services/Hispanic_or_Latino_Update/FeatureServer/2
Resident_Demographics_Ethnicity_Hispanic_or_Latino_Hispanic_or_Latino_2021,Resident Demographics / Ethnicity: Hispanic or Latino,Hispanic or Latino 2021,2495,Resident_Demographics_Ethnicity_Hispanic_or_Latino_Hispanic_or_Latino_2021.parquet,polygon_2495_6dc93695.parquet,https://services1.arcgis.com/ZIL9uO234SBBPGL7/arcgis/rest/services/Hispanic_or_Latino_Update/FeatureServer/1
Resident_Demographics_Ethnicity_Hispanic_or_Latino_Hispanic_or_Latino_2022,Resident Demographics / Ethnicity: Hispanic or Latino,Hispanic or Latino 2022 ,2495,Resident_Demographics_Ethnicity_Hispanic_or_Latino_Hispanic_or_Latino_2022.parquet,polygon_2495_a735b0fc.parquet,https://services1.arcgis.com/ZIL9uO234SBBPGL7/arcgis/rest/services/Hispanic_or_Latino_Update/FeatureServer/0
Resident_Demographics_Ethnicity_Hispanic_or_Latino_Hispanic_or_Latino_2023,Resident Demographics / Ethnicity: Hispanic or Latino,Hispanic or Latino 2023,2496,Resident_Demographics_Ethnicity_Hispanic_or_Latino_Hispanic_or_Latino_2023.parquet,polygon_2496_6e0865c9.parquet,https://services1.arcgis.com/ZIL9uO234SBBPGL7/arcgis/rest/services/Hispanic_or_Latino_2023/FeatureServer/27
Resident_Demographics_Ethnicity_Hispanic_or_Latino_Hispanic_or_Latino_2024,Resident Demographics / Ethnicity: Hispanic or Latino,Hispanic or Latino 2024,2496,Resident_Demographics_Ethnicity_Hispanic_or_Latino_Hispanic_or_Latino_2024.parquet,polygon_2496_6e0865c9.parquet,https://services1.arcgis.com/ZIL9uO234SBBPGL7/arcgis/rest/services/Hispanic_or_Latino_2024/FeatureServer/24
Resident_Demographics_Low_Income_Low_Income_2020,Resident Demographics / Low Income,Low Income 2020,2495,Resident_Demographics_Low_Income_Low_Income_2020.parquet,polygon_2495_bca058f7.parquet,https://services1.arcgis.com/ZIL9uO234SBBPGL7/arcgis/rest/services/Low_Income_2020/FeatureServer/254
Resident_Demographics_Low_Income_Low_Income_2021,Resident Demographics / Low Income,Low Income 2021,2495,Resident_Demographics_Low_Income_Low_Income_2021.parquet,polygon_2495_487081e0.parquet,https://services1.arcgis.com/ZIL9uO234SBBPGL7/arcgis/rest/services/Poverty_2021_02102025/FeatureServer/16
Resident_Demographics_Low_Income_Low_Income_2022,Resident Demographics / Low Income,Low Income 2022,2495,Resident_Demographics_Low_Income_Low_Income_2022.parquet,polygon_2495_a9300321.parquet,https://services1.arcgis.com/ZIL9uO234SBBPGL7/arcgis/rest/services/Poverty_2022_0624/FeatureServer/1
Resident_Demographics_Low_Income_Low_Income_2023,Resident Demographics / Low Income,Low Income 2023,2496,Resident_Demographics_Low_Income_Low_Income_2023.parquet,polygon_2496_6e0865c9.parquet,https://services1.arcgis.com/ZIL9uO234SBBPGL7/arcgis/rest/services/Low_Income_2023/FeatureServer/40
Resident_Demographics_Low_Income_Low_Income_2024,Resident Demographics / Low Income,Low Income 2024,2496,Resident_Demographics_Low_Income_Low_Income_2024.parquet,polygon_2496_6e0865c9.parquet,https://services1.arcgis.com/ZIL9uO234SBBPGL7/arcgis/rest/services/Low_Income_2024/FeatureServer/25
Resident_Demographics_Median_Income_Median_Income_2020,Resident Demographics / Median Income,Median Income 2020,2496,Resident_Demographics_Median_Income_Median_Income_2020.parquet,polygon_2496_6e0865c9.parquet,https://services1.arcgis.com/ZIL9uO234SBBPGL7/arcgis/rest/services/LACensusTracts_HouseholdIncome_2020/FeatureServer/6
Resident_Demographics_Median_Income_Median_Income_2021,Resident Demographics / Median Income,Median Income 2021,2496,Resident_Demographics_Median_Income_Median_Income_2021.parquet,polygon_2496_6e0865c9.parquet,https://services1.arcgis.com/ZIL9uO234SBBPGL7/arcgis/rest/services/LACensusTracts_HouseholdIncome_2021/FeatureServer/5
Resident_Demographics_Median_Income_Median_Income_2022,Resident Demographics / Median Income,Median Income 2022,2496,Resident_Demographics_Median_Income_Median_Income_2022.parquet,polygon_2496_6e0865c9.parquet,https://services1.arcgis.com/ZIL9uO234SBBPGL7/arcgis/rest/services/Household_Income_2022/FeatureServer/4
Resident_Demographics_Median_Income_Median_Income_2023,Resident Demographics / Median Income,Median Income 2023,2496,Resident_Demographics_Median_Income_Median_Income_2023.parquet,polygon_2496_6e0865c9.parquet,https://services1.arcgis.com/ZIL9uO234SBBPGL7/arcgis/rest/services/Income_2023/FeatureServer/11
Resident_Demographics_Median_Income_Median_Income_2024,Resident Demographics / Median Income,Median Income 2024,2496,Resident_Demographics_Median_Income_Median_Income_2024.parquet,polygon_2496_6e0865c9.parquet,https://services1.arcgis.com/ZIL9uO234SBBPGL7/arcgis/rest/services/Median_Income_2024/FeatureServer/26
Resident_Health_Depression_Depression_2021,Resident Health / Depression,Depression 2021,2344,Resident_Health_Depression_Depression_2021.parquet,polygon_2344_6f0eeaea.parquet,https://services1.arcgis.com/ZIL9uO234SBBPGL7/arcgis/rest/services/QAQC_Depression_2021/FeatureServer/1
Resident_Health_Depression_Depression_2022,Resident Health / Depression,Depression 2022,2344,Resident_Health_Depression_Depression_2022.parquet,polygon_2344_6f0eeaea.parquet,https://services1.arcgis.com/ZIL9uO234SBBPGL7/arcgis/rest/services/QAQC_Depression_2022/FeatureServer/0
Resident_Health_Depression_Depression_2023,Resident Health / Depression,Depression 2023,2344,Resident_Health_Depression_Depression_2023.parquet,polygon_2344_6f0eeaea.parquet,https://services1.arcgis.com/ZIL9uO234SBBPGL7/arcgis/rest/services/QAQC_Depression_2023/FeatureServer/0
Resident_Health_Depression_Depression_2024,Resident Health / Depression,Depression 2024,2496,Resident_Health_Depression_Depression_2024.parquet,polygon_2496_6e0865c9.parquet,https://services1.arcgis.com/ZIL9uO234SBBPGL7/arcgis/rest/services/c2020CensusTracts_Depression2022/FeatureServer/5
Resident_Health_Heart_Disease_Heart_Disease_2020,Resident Health / Heart Disease,Heart Disease 2020,2344,Resident_Health_Heart_Disease_Heart_Disease_2020.parquet,polygon_2344_6f0eeaea.parquet,https://services1.arcgis.com/ZIL9uO234SBBPGL7/arcgis/rest/services/QAQC_Heart_Disease_2020/FeatureServer/0
Resident_Health_Heart_Disease_Heart_Disease_2021,Resident Health / Heart Disease,Heart Disease 2021,2344,Resident_Health_Heart_Disease_Heart_Disease_2021.parquet,polygon_2344_6f0eeaea.parquet,https://services1.arcgis.com/ZIL9uO234SBBPGL7/arcgis/rest/services/QAQC_Heart_Disease_2021/FeatureServer/0
Resident_Health_Heart_Disease_Heart_Disease_2022,Resident Health / Heart Disease,Heart Disease 2022,2344,Resident_Health_Heart_Disease_Heart_Disease_2022.parquet,polygon_2344_6f0eeaea.parquet,https://services1.arcgis.com/ZIL9uO234SBBPGL7/arcgis/rest/services/QAQC_Heart_Disease_2022/FeatureServer/0
Resident_Health_Heart_Disease_Heart_Disease_2023,Resident Health / Heart Disease,Heart Disease 2023,2344,Resident_Health_Heart_Disease_Heart_Disease_2023.parquet,polygon_2344_6f0eeaea.parquet,https://services1.arcgis.com/ZIL9uO234SBBPGL7/arcgis/rest/services/QAQC_Heart_Disease_2023/FeatureServer/1
Resident_Health_Heart_Disease_Heart_Disease_2024,Resident Health / Heart Disease,Heart Disease 2024,2496,Resident_Health_Heart_Disease_Heart_Disease_2024.parquet,polygon_2496_6e0865c9.parquet,https://services1.arcgis.com/ZIL9uO234SBBPGL7/arcgis/rest/services/c2020CensusTracts_Heart2022/FeatureServer/3
Resident_Health_Diabetes_Diabetes_2020,Resident Health / Diabetes,Diabetes 2020,2344,Resident_Health_Diabetes_Diabetes_2020.parquet,polygon_2344_6f0eeaea.parquet,https://services1.arcgis.com/ZIL9uO234SBBPGL7/arcgis/rest/services/QAQC_Diabetes_2020/FeatureServer/1
Resident_Health_Diabetes_Diabetes_2021,Resident Health / Diabetes,Diabetes 2021,2344,Resident_Health_Diabetes_Diabetes_2021.parquet,polygon_2344_6f0eeaea.parquet,https://services1.arcgis.com/ZIL9uO234SBBPGL7/arcgis/rest/services/QAQC_Diabetes_2021/FeatureServer/0
Resident_Health_Diabetes_Diabetes_2022,Resident Health / Diabetes,Diabetes 2022,2344,Resident_Health_Diabetes_Diabetes_2022.parquet,polygon_2344_6f0eeaea.parquet,https://services1.arcgis.com/ZIL9uO234SBBPGL7/arcgis/rest/services/QAQC_Diabetes_2022/FeatureServer/0
Resident_Health_Diabetes_Diabetes_2023,Resident Health / Diabetes,Diabetes 2023,2344,Resident_Health_Diabetes_Diabetes_2023.parquet,polygon_2344_6f0eeaea.parquet,https://services1.arcgis.com/ZIL9uO234SBBPGL7/arcgis/rest/services/QAQC_Diabetes_2023/FeatureServer/0
Resident_Health_Diabetes_Diabetes_2024,Resident Health / Diabetes,Diabetes 2024,2496,Resident_Health_Diabetes_Diabetes_2024.parquet,polygon_2496_6e0865c9.parquet,https://services1.arcgis.com/ZIL9uO234SBBPGL7/arcgis/rest/services/c2020CensusTracts_Diabetes2022/FeatureServer/4
Resident_Health_Obesity_Obesity_2020,Resident Health / Obesity,Obesity 2020,2344,Resident_Health_Obesity_Obesity_2020.parquet,polygon_2344_6f0eeaea.parquet,https://services1.arcgis.com/ZIL9uO234SBBPGL7/arcgis/rest/services/QAQC_Obesity_2020/FeatureServer/0
Resident_Health_Obesity_Obesity_2021,Resident Health / Obesity,Obesity 2021,2344,Resident_Health_Obesity_Obesity_2021.parquet,polygon_2344_6f0eeaea.parquet,https://services1.arcgis.com/ZIL9uO234SBBPGL7/arcgis/rest/services/QAQC_Obesity_2021/FeatureServer/1
Resident_Health_Obesity_Obesity_2022,Resident Health / Obesity,Obesity 2022,2344,Resident_Health_Obesity_Obesity_2022.parquet,polygon_2344_6f0eeaea.parquet,https://services1.arcgis.com/ZIL9uO234SBBPGL7/arcgis/rest/services/QAQC_Obesity_2022/FeatureServer/0
Resident_Health_Obesity_Obesity_2023,Resident Health / Obesity,Obesity 2023,2344,Resident_Health_Obesity_Obesity_2023.parquet,polygon_2344_6f0eeaea.parquet,https://services1.arcgis.com/ZIL9uO234SBBPGL7/arcgis/rest/services/QAQC_Obesity_2023/FeatureServer/1
Resident_Health_Obesity_Obesity_2024,Resident Health / Obesity,Obesity 2024,2496,Resident_Health_Obesity_Obesity_2024.parquet,polygon_2496_6e0865c9.parquet,https://services1.arcgis.com/ZIL9uO234SBBPGL7/arcgis/rest/services/c2020CensusTracts_Obesity2022/FeatureServer/2
Resident_Health_Food_Insecurity_Food_Insecurity_2020,Resident Health / Food Insecurity,Food Insecurity 2020,2495,Resident_Health_Food_Insecurity_Food_Insecurity_2020.parquet,polygon_2495_bca058f7.parquet,https://services1.arcgis.com/ZIL9uO234SBBPGL7/arcgis/rest/services/QAQC_Food_Insecurity_2020/FeatureServer/0
Resident_Health_Food_Insecurity_Food_Insecurity_2021,Resident Health / Food Insecurity,Food Insecurity 2021,2495,Resident_Health_Food_Insecurity_Food_Insecurity_2021.parquet,polygon_2495_bca058f7.parquet,https://services1.arcgis.com/ZIL9uO234SBBPGL7/arcgis/rest/services/QAQC_Food_Insecurity_2021/FeatureServer/0
Resident_Health_Food_Insecurity_Food_Insecurity_2022,Resident Health / Food Insecurity,Food Insecurity 2022,2495,Resident_Health_Food_Insecurity_Food_Insecurity_2022.parquet,polygon_2495_bca058f7.parquet,https://services1.arcgis.com/ZIL9uO234SBBPGL7/arcgis/rest/services/QAQC_Food_Insecurity_2022/FeatureServer/0
Resident_Health_Food_Insecurity_Food_Insecurity_2023,Resident Health / Food Insecurity,Food Insecurity 2023,2496,Resident_Health_Food_Insecurity_Food_Insecurity_2023.parquet,polygon_2496_6e0865c9.parquet,https://services1.arcgis.com/ZIL9uO234SBBPGL7/arcgis/rest/services/QAQC_FoodInsecurity_2023/FeatureServer/2
Urban_Agriculture_Extreme_Heat_Days_Summer_2023,Urban Agriculture,Extreme Heat Days Summer 2023,6417,Urban_Agriculture_Extreme_Heat_Days_Summer_2023.parquet,polygon_6417_e8bcb0b8.parquet,https://services1.arcgis.com/ZIL9uO234SBBPGL7/arcgis/rest/services/DaymetDaysOver90DegreesSummer2023_Serving/FeatureServer/10
Urban_Agriculture_Agricultural_Land_Parcels,Urban Agriculture,Agricultural Land Parcels,14855,Urban_Agriculture_Agricultural_Land_Parcels.parquet,polygon_14855_621efe1b.parquet,https://services1.arcgis.com/ZIL9uO234SBBPGL7/arcgis/rest/services/Agricultural_Land_Use_LA_County/FeatureServer/64
Urban_Agriculture_Publicly_Owned_Vacant_Land_Parcels,Urban Agriculture,Publicly Owned Vacant Land Parcels,8857,Urban_Agriculture_Publicly_Owned_Vacant_Land_Parcels.parquet,polygon_8750_0dac67c8.parquet,https://services1.arcgis.com/ZIL9uO234SBBPGL7/arcgis/rest/services/Potential_Community_Garden_Sites/FeatureServer/68
Urban_Agriculture_Places_of_Worship,Urban Agriculture,Places of Worship,5188,Urban_Agriculture_Places_of_Worship.parquet,point_5188_4d4ed5ab.parquet,https://services1.arcgis.com/ZIL9uO234SBBPGL7/arcgis/rest/services/LACounty_Churches_Points/FeatureServer/63
Urban_Agriculture_Libraries,Urban Agriculture,Libraries,312,Urban_Agriculture_Libraries.parquet,point_298_75eca5d6.parquet,https://services1.arcgis.com/ZIL9uO234SBBPGL7/arcgis/rest/services/LA_County_Libraries_Cleaned/FeatureServer/69
Urban_Agriculture_Green_and_Garden_Spaces_Parks_2025,Urban Agriculture / Green and Garden Spaces,Parks 2025,3020,Urban_Agriculture_Green_and_Garden_Spaces_Parks_2025.parquet,polygon_3019_cd5b46ad.parquet,https://services.arcgis.com/RmCCgQtiZLDCtblq/arcgis/rest/services/Countywide_Parks_and_Open_Space__(Public_-_Hosted2)/FeatureServer/0
Urban_Agriculture_Green_and_Garden_Spaces_Urban_Farms,Urban Agriculture / Green and Garden Spaces,Urban Farms,55,Urban_Agriculture_Green_and_Garden_Spaces_Urban_Farms.parquet,point_55_a7faec0e.parquet,https://services1.arcgis.com/ZIL9uO234SBBPGL7/arcgis/rest/services/LA_County_Urban_Farms/FeatureServer/66
Urban_Agriculture_Green_and_Garden_Spaces_Community_Gardens,Urban Agriculture / Green and Garden Spaces,Community Gardens,134,Urban_Agriculture_Green_and_Garden_Spaces_Community_Gardens.parquet,point_131_1bc5cdf5.parquet,https://services1.arcgis.com/ZIL9uO234SBBPGL7/arcgis/rest/services/LA_County_Community_Gardens/FeatureServer/67
Urban_Agriculture_Green_and_Garden_Spaces_School_Gardens,Urban Agriculture / Green and Garden Spaces,School Gardens,252,Urban_Agriculture_Green_and_Garden_Spaces_School_Gardens.parquet,point_251_4bf4abdd.parquet,https://services1.arcgis.com/ZIL9uO234SBBPGL7/arcgis/rest/services/LA_County_School_Gardens1/FeatureServer/65
Schools_2022_LAUSD_Greening_Index,Schools,2022 LAUSD Greening Index,670,Schools_2022_LAUSD_Greening_Index.parquet,point_670_9dee1300.parquet,https://services1.arcgis.com/ZIL9uO234SBBPGL7/arcgis/rest/services/c2022_LAUSD_Greening_Index_Republished/FeatureServer/89
Schools_Higher_Education_Institutions,Schools,Higher Education Institutions,173,Schools_Higher_Education_Institutions.parquet,point_173_85f6a4ab.parquet,https://services1.arcgis.com/ZIL9uO234SBBPGL7/arcgis/rest/services/LA_County_Higher_Education/FeatureServer/0
Schools_Adult_Schools,Schools,Adult Schools,54,Schools_Adult_Schools.parquet,point_53_622da626.parquet,https://services1.arcgis.com/ZIL9uO234SBBPGL7/arcgis/rest/services/LA_County_Schools_Adult_Schools/FeatureServer/1
Schools_High_Schools,Schools,High Schools,558,Schools_High_Schools.parquet,point_514_a045b839.parquet,https://services1.arcgis.com/ZIL9uO234SBBPGL7/arcgis/rest/services/LA_County_High_Schools/FeatureServer/2
Schools_Middle_Schools,Schools,Middle Schools,312,Schools_Middle_Schools.parquet,point_305_7cd4a0a6.parquet,https://services1.arcgis.com/ZIL9uO234SBBPGL7/arcgis/rest/services/LA_County_Middle_Schools/FeatureServer/3
Schools_Elementary_Schools,Schools,Elementary Schools,1784,Schools_Elementary_Schools.parquet,point_1768_e8eae2bb.parquet,https://services1.arcgis.com/ZIL9uO234SBBPGL7/arcgis/rest/services/LA_County_Elementary_Schools/FeatureServer/4
Retail_Food_Outlets_Food_Deserts_Low_Income_and_Low_Access_at_1_and_10_miles,Retail Food Outlets / Food Deserts,Low Income and Low Access at 1 and 10 miles,2343,Retail_Food_Outlets_Food_Deserts_Low_Income_and_Low_Access_at_1_and_10_miles.parquet,multipolygon_2343_f5e6b45e.parquet,https://services1.arcgis.com/ZIL9uO234SBBPGL7/arcgis/rest/services/Low_Income_and_Low_Access_at_1_and_10_miles_Republish/FeatureServer/85
Retail_Food_Outlets_Food_Deserts_Low_Income_and_Low_Access_at_0_5_and_10_miles,Retail Food Outlets / Food Deserts,Low Income and Low Access at 0.5 and 10 miles,2343,Retail_Food_Outlets_Food_Deserts_Low_Income_and_Low_Access_at_0_5_and_10_miles.parquet,multipolygon_2343_f5e6b45e.parquet,https://services1.arcgis.com/ZIL9uO234SBBPGL7/arcgis/rest/services/LILA_Halfand10Miles_Republished/FeatureServer/83
Retail_Food_Outlets_Certified_Farmers_Markets_Certified_Farmers_Markets_2024_May,Retail Food Outlets / Certified Farmers' Markets,Certified Farmers' Markets 2024 (May),153,Retail_Food_Outlets_Certified_Farmers_Markets_Certified_Farmers_Markets_2024_May.parquet,point_151_36c614e6.parquet,https://services1.arcgis.com/ZIL9uO234SBBPGL7/arcgis/rest/services/Certified_Farmers_Markets_May_2024/FeatureServer/8
Retail_Food_Outlets_Certified_Farmers_Markets_Certified_Farmers_Markets_2025_April,Retail Food Outlets / Certified Farmers' Markets,Certified Farmers' Markets 2025 (April),162,Retail_Food_Outlets_Certified_Farmers_Markets_Certified_Farmers_Markets_2025_April.parquet,point_159_684b623a.parquet,https://services1.arcgis.com/ZIL9uO234SBBPGL7/arcgis/rest/services/Certified_Farmers_Markets_0724_add_SNAP_MM_0924/FeatureServer/1
Retail_Food_Outlets_Certified_Farmers_Markets_Certified_Farmers_Markets_2026_January,Retail Food Outlets / Certified Farmers' Markets,Certified Farmers' Markets 2026 (January),166,Retail_Food_Outlets_Certified_Farmers_Markets_Certified_Farmers_Markets_2026_January.parquet,point_158_11a15352.parquet,https://services1.arcgis.com/ZIL9uO234SBBPGL7/arcgis/rest/services/LACounty_Farmers_Markets_Geocoded/FeatureServer/275
Retail_Food_Outlets_Certified_Farmers_Markets_Certified_Farmers_Markets_2026_April,Retail Food Outlets / Certified Farmers' Markets,Certified Farmers' Markets 2026 (April),165,Retail_Food_Outlets_Certified_Farmers_Markets_Certified_Farmers_Markets_2026_April.parquet,point_159_084c3578.parquet,https://services1.arcgis.com/ZIL9uO234SBBPGL7/arcgis/rest/services/LACounty_FarmersMarkets_April2026_Geocoded/FeatureServer/27
Retail_Food_Outlets_Certified_Farmers_Markets_Certified_Farmers_Markets_2026_July,Retail Food Outlets / Certified Farmers' Markets,Certified Farmers' Markets 2026 (July),171,Retail_Food_Outlets_Certified_Farmers_Markets_Certified_Farmers_Markets_2026_July.parquet,point_157_00d0b95f.parquet,https://services1.arcgis.com/ZIL9uO234SBBPGL7/arcgis/rest/services/LACounty_CertifiedFarmersMarkets_July2026/FeatureServer/11
Retail_Food_Outlets_Retail_Food_Markets_Retail_Food_Markets_Long_Beach_Pasadena_Vernon_2023,Retail Food Outlets / Retail Food Markets,"Retail Food Markets: Long Beach, Pasadena, Vernon 2023",381,Retail_Food_Outlets_Retail_Food_Markets_Retail_Food_Markets_Long_Beach_Pasadena_Vernon_2023.parquet,point_371_4a33eb92.parquet,https://services1.arcgis.com/ZIL9uO234SBBPGL7/arcgis/rest/services/Retail_Food_Markets_LB_PAS_V_2023/FeatureServer/4
Retail_Food_Outlets_Retail_Food_Markets_Retail_Food_Markets_2022_October,Retail Food Outlets / Retail Food Markets,Retail Food Markets 2022 (October),9706,Retail_Food_Outlets_Retail_Food_Markets_Retail_Food_Markets_2022_October.parquet,point_9448_32dc0f64.parquet,https://services1.arcgis.com/ZIL9uO234SBBPGL7/arcgis/rest/services/FoodMarketRetail_LACounty_Inventory_and_Inspections_1022/FeatureServer/0
Retail_Food_Outlets_Retail_Food_Markets_Retail_Food_Markets_2023_June,Retail Food Outlets / Retail Food Markets,Retail Food Markets 2023 (June),11117,Retail_Food_Outlets_Retail_Food_Markets_Retail_Food_Markets_2023_June.parquet,point_9479_7465d8c4.parquet,https://services1.arcgis.com/ZIL9uO234SBBPGL7/arcgis/rest/services/Food_Retailers_Inspection/FeatureServer/0
Retail_Food_Outlets_Retail_Food_Markets_Retail_Food_Markets_2023_September,Retail Food Outlets / Retail Food Markets,Retail Food Markets 2023 (September),11044,Retail_Food_Outlets_Retail_Food_Markets_Retail_Food_Markets_2023_September.parquet,point_9900_c6b6bd06.parquet,https://services1.arcgis.com/ZIL9uO234SBBPGL7/arcgis/rest/services/Food_Retailers_09302023/FeatureServer/5
Retail_Food_Outlets_Retail_Food_Markets_Retail_Food_Markets_2023_December,Retail Food Outlets / Retail Food Markets,Retail Food Markets 2023 (December),11012,Retail_Food_Outlets_Retail_Food_Markets_Retail_Food_Markets_2023_December.parquet,point_9905_8cfbd4cd.parquet,https://services1.arcgis.com/ZIL9uO234SBBPGL7/arcgis/rest/services/Retail_Food_Markets_December_2023/FeatureServer/8
Retail_Food_Outlets_Retail_Food_Markets_Retail_Food_Markets_2024_March,Retail Food Outlets / Retail Food Markets,Retail Food Markets 2024 (March),11081,Retail_Food_Outlets_Retail_Food_Markets_Retail_Food_Markets_2024_March.parquet,point_9394_78fef8f6.parquet,https://services1.arcgis.com/ZIL9uO234SBBPGL7/arcgis/rest/services/Retail_Food_Markets_March_2024/FeatureServer/7
Retail_Food_Outlets_Retail_Food_Markets_Retail_Food_Markets_2024_June,Retail Food Outlets / Retail Food Markets,Retail Food Markets 2024 (June),10991,Retail_Food_Outlets_Retail_Food_Markets_Retail_Food_Markets_2024_June.parquet,point_9313_6a6ce745.parquet,https://services1.arcgis.com/ZIL9uO234SBBPGL7/arcgis/rest/services/Retail_Food_Markets_June_2024/FeatureServer/6
Retail_Food_Outlets_Retail_Food_Markets_Retail_Food_Markets_2024_December,Retail Food Outlets / Retail Food Markets,Retail Food Markets 2024 (December),10986,Retail_Food_Outlets_Retail_Food_Markets_Retail_Food_Markets_2024_December.parquet,point_9265_4484adf6.parquet,https://services1.arcgis.com/ZIL9uO234SBBPGL7/arcgis/rest/services/Retail_Food_Markets_Dec_2024/FeatureServer/8
Retail_Food_Outlets_Retail_Food_Markets_Retail_Food_Markets_2025_March,Retail Food Outlets / Retail Food Markets,Retail Food Markets 2025 (March),13983,Retail_Food_Outlets_Retail_Food_Markets_Retail_Food_Markets_2025_March.parquet,point_9416_6e278208.parquet,https://services1.arcgis.com/ZIL9uO234SBBPGL7/arcgis/rest/services/Retail_Food_Markets_042025_Final/FeatureServer/10
Retail_Food_Outlets_Retail_Food_Markets_Retail_Food_Markets_2025_June,Retail Food Outlets / Retail Food Markets,Retail Food Markets 2025 (June),10927,Retail_Food_Outlets_Retail_Food_Markets_Retail_Food_Markets_2025_June.parquet,point_9370_c75ac327.parquet,https://services1.arcgis.com/ZIL9uO234SBBPGL7/arcgis/rest/services/MarketsJune2025_Final/FeatureServer/2
Retail_Food_Outlets_Retail_Food_Markets_Retail_Food_Markets_2025_December,Retail Food Outlets / Retail Food Markets,Retail Food Markets 2025 (December),10926,Retail_Food_Outlets_Retail_Food_Markets_Retail_Food_Markets_2025_December.parquet,point_9347_922a8c6e.parquet,https://services1.arcgis.com/ZIL9uO234SBBPGL7/arcgis/rest/services/MarketsDec2025_Final/FeatureServer/266
Retail_Food_Outlets_Retail_Food_Markets_Retail_Food_Markets_2026_March,Retail Food Outlets / Retail Food Markets,Retail Food Markets 2026 (March),10853,Retail_Food_Outlets_Retail_Food_Markets_Retail_Food_Markets_2026_March.parquet,point_9302_f7464d12.parquet,https://services1.arcgis.com/ZIL9uO234SBBPGL7/arcgis/rest/services/MarketsMar2026_Final_FoodMarketsGeocoded/FeatureServer/0
Retail_Food_Outlets_Retail_Food_Markets_Retail_Food_Markets_2026_June,Retail Food Outlets / Retail Food Markets,Retail Food Markets 2026 (June),10849,Retail_Food_Outlets_Retail_Food_Markets_Retail_Food_Markets_2026_June.parquet,point_9297_ea37087b.parquet,https://services1.arcgis.com/ZIL9uO234SBBPGL7/arcgis/rest/services/LACounty_Markets_June26_EnvHealth_Geocoded/FeatureServer/29
Retail_Food_Outlets_Restaurants_Restaurants_Long_Beach_Pasadena_Vernon_2023,Retail Food Outlets / Restaurants,"Restaurants: Long Beach, Pasadena, Vernon 2023",1530,Retail_Food_Outlets_Restaurants_Restaurants_Long_Beach_Pasadena_Vernon_2023.parquet,point_1149_d7459490.parquet,https://services1.arcgis.com/ZIL9uO234SBBPGL7/arcgis/rest/services/Restaurants_LB_PAS_V_2023/FeatureServer/3
Retail_Food_Outlets_Restaurants_Restaurants_2022_October,Retail Food Outlets / Restaurants,Restaurants 2022 (October),25986,Retail_Food_Outlets_Restaurants_Restaurants_2022_October.parquet,point_23883_16f89903.parquet,https://services1.arcgis.com/ZIL9uO234SBBPGL7/arcgis/rest/services/Restaurants_LACounty_Inventory_and_Inspections_1022/FeatureServer/1
Retail_Food_Outlets_Restaurants_Restaurants_2023_June,Retail Food Outlets / Restaurants,Restaurants 2023 (June),29061,Retail_Food_Outlets_Restaurants_Restaurants_2023_June.parquet,point_20167_fc9a2e94.parquet,https://services1.arcgis.com/ZIL9uO234SBBPGL7/arcgis/rest/services/restaurants_com/FeatureServer/0
Retail_Food_Outlets_Restaurants_Restaurants_2023_September,Retail Food Outlets / Restaurants,Restaurants 2023 (September),29583,Retail_Food_Outlets_Restaurants_Restaurants_2023_September.parquet,point_25092_956cc623.parquet,https://services1.arcgis.com/ZIL9uO234SBBPGL7/arcgis/rest/services/Restaurants_09302023/FeatureServer/6
Retail_Food_Outlets_Restaurants_Restaurants_2023_December,Retail Food Outlets / Restaurants,Restaurants 2023 (December),29535,Retail_Food_Outlets_Restaurants_Restaurants_2023_December.parquet,point_25276_e32fb1a4.parquet,https://services1.arcgis.com/ZIL9uO234SBBPGL7/arcgis/rest/services/Restaurants_December_2023/FeatureServer/2
Retail_Food_Outlets_Restaurants_Restaurants_2024_March,Retail Food Outlets / Restaurants,Restaurants 2024 (March),29760,Retail_Food_Outlets_Restaurants_Restaurants_2024_March.parquet,point_20350_89a997dc.parquet,https://services1.arcgis.com/ZIL9uO234SBBPGL7/arcgis/rest/services/Restaurants_March_2024/FeatureServer/0
Retail_Food_Outlets_Restaurants_Restaurants_2024_June,Retail Food Outlets / Restaurants,Restaurants 2024 (June),28376,Retail_Food_Outlets_Restaurants_Restaurants_2024_June.parquet,point_19587_6be736ec.parquet,https://services1.arcgis.com/ZIL9uO234SBBPGL7/arcgis/rest/services/Restaurants_June_2024/FeatureServer/1
Retail_Food_Outlets_Restaurants_Restaurants_2024_December,Retail Food Outlets / Restaurants,Restaurants 2024 (December),29978,Retail_Food_Outlets_Restaurants_Restaurants_2024_December.parquet,point_20958_139f8b4b.parquet,https://services1.arcgis.com/ZIL9uO234SBBPGL7/arcgis/rest/services/Restaurants_December_2024/FeatureServer/0
Retail_Food_Outlets_Restaurants_Restaurants_2025_March,Retail Food Outlets / Restaurants,Restaurants 2025 (March),30084,Retail_Food_Outlets_Restaurants_Restaurants_2025_March.parquet,point_21834_c703e001.parquet,https://services1.arcgis.com/ZIL9uO234SBBPGL7/arcgis/rest/services/Restaurants_042025_Final/FeatureServer/0
Retail_Food_Outlets_Restaurants_Restaurants_2025_June,Retail Food Outlets / Restaurants,Restaurants 2025 (June),30050,Retail_Food_Outlets_Restaurants_Restaurants_2025_June.parquet,point_21794_9234b8ef.parquet,https://services1.arcgis.com/ZIL9uO234SBBPGL7/arcgis/rest/services/RestaurantsJune205_Geocoded/FeatureServer/0
Retail_Food_Outlets_Restaurants_Restaurants_2025_December,Retail Food Outlets / Restaurants,Restaurants 2025 (December),30354,Retail_Food_Outlets_Restaurants_Restaurants_2025_December.parquet,point_22214_7932bd14.parquet,https://services1.arcgis.com/ZIL9uO234SBBPGL7/arcgis/rest/services/LACounty_Health_Restaurants_Dec2025_Geocoded/FeatureServer/98
Retail_Food_Outlets_Restaurants_Restaurants_2026_March,Retail Food Outlets / Restaurants,Restaurants 2026 (March),30454,Retail_Food_Outlets_Restaurants_Restaurants_2026_March.parquet,point_22308_9fc4448f.parquet,https://services1.arcgis.com/ZIL9uO234SBBPGL7/arcgis/rest/services/LACounty_Health_Restaurants_Mar2026_Geocoded/FeatureServer/10
Retail_Food_Outlets_Restaurants_Restaurants_2026_June,Retail Food Outlets / Restaurants,Restaurants 2026 (June),30348,Retail_Food_Outlets_Restaurants_Restaurants_2026_June.parquet,point_22222_f7f61bb1.parquet,https://services1.arcgis.com/ZIL9uO234SBBPGL7/arcgis/rest/services/LACounty_Restaurants_June26_EnvHealth_Geocoded/FeatureServer/30
Food_Assistance_and_Benefits_CalFresh_Gap,Food Assistance and Benefits,CalFresh Gap,2496,Food_Assistance_and_Benefits_CalFresh_Gap.parquet,polygon_2496_e8589302.parquet,https://services1.arcgis.com/ZIL9uO234SBBPGL7/arcgis/rest/services/CalFresh_Gap_Tract_ExportFeatures/FeatureServer/258
Food_Assistance_and_Benefits_CalFresh_Cases,Food Assistance and Benefits,CalFresh Cases,2496,Food_Assistance_and_Benefits_CalFresh_Cases.parquet,polygon_2496_6e0865c9.parquet,https://services1.arcgis.com/ZIL9uO234SBBPGL7/arcgis/rest/services/CalFresh_Cases_Polygon/FeatureServer/267
Food_Assistance_and_Benefits_Food_Pantries_Food_Pantries_2019,Food Assistance and Benefits / Food Pantries,Food Pantries 2019,824,Food_Assistance_and_Benefits_Food_Pantries_Food_Pantries_2019.parquet,point_759_666a4d11.parquet,https://services1.arcgis.com/ZIL9uO234SBBPGL7/arcgis/rest/services/LARFB_2019_Geocoded/FeatureServer/0
Food_Assistance_and_Benefits_Food_Pantries_Food_Pantries_2020,Food Assistance and Benefits / Food Pantries,Food Pantries 2020,1024,Food_Assistance_and_Benefits_Food_Pantries_Food_Pantries_2020.parquet,point_948_db0b7abe.parquet,https://services1.arcgis.com/ZIL9uO234SBBPGL7/arcgis/rest/services/Food_Pantries_2020/FeatureServer/1
Food_Assistance_and_Benefits_Food_Pantries_Food_Pantries_2021,Food Assistance and Benefits / Food Pantries,Food Pantries 2021,982,Food_Assistance_and_Benefits_Food_Pantries_Food_Pantries_2021.parquet,point_905_74f461ac.parquet,https://services1.arcgis.com/ZIL9uO234SBBPGL7/arcgis/rest/services/Food_Pantries_2021/FeatureServer/2
Food_Assistance_and_Benefits_Food_Pantries_Food_Pantries_2022,Food Assistance and Benefits / Food Pantries,Food Pantries 2022,585,Food_Assistance_and_Benefits_Food_Pantries_Food_Pantries_2022.parquet,point_566_9db7fb9b.parquet,https://services1.arcgis.com/ZIL9uO234SBBPGL7/arcgis/rest/services/LARFB_2022_Geocoded/FeatureServer/4
Food_Assistance_and_Benefits_Food_Pantries_Food_Pantries_2023,Food Assistance and Benefits / Food Pantries,Food Pantries 2023,496,Food_Assistance_and_Benefits_Food_Pantries_Food_Pantries_2023.parquet,point_480_9ae32233.parquet,https://services1.arcgis.com/ZIL9uO234SBBPGL7/arcgis/rest/services/LARFB_2023_Geocoded/FeatureServer/3
Food_Assistance_and_Benefits_Food_Pantries_Food_Pantries_2024,Food Assistance and Benefits / Food Pantries,Food Pantries 2024,615,Food_Assistance_and_Benefits_Food_Pantries_Food_Pantries_2024.parquet,point_593_575f7364.parquet,https://services1.arcgis.com/ZIL9uO234SBBPGL7/arcgis/rest/services/LARFB_2024_Geocoded/FeatureServer/2
Food_Assistance_and_Benefits_WIC_Food_Retailers_WIC_Food_Retailers_2024_November,Food Assistance and Benefits / WIC Food Retailers,WIC Food Retailers 2024 (November),841,Food_Assistance_and_Benefits_WIC_Food_Retailers_WIC_Food_Retailers_2024_November.parquet,point_840_c00da5a8.parquet,https://services1.arcgis.com/ZIL9uO234SBBPGL7/arcgis/rest/services/WIC_Food_Retailer_November_2024/FeatureServer/4
Food_Assistance_and_Benefits_WIC_Food_Retailers_WIC_Food_Retailers_2025_January,Food Assistance and Benefits / WIC Food Retailers,WIC Food Retailers 2025 (January),1677,Food_Assistance_and_Benefits_WIC_Food_Retailers_WIC_Food_Retailers_2025_January.parquet,point_886_000cd2b3.parquet,https://services1.arcgis.com/ZIL9uO234SBBPGL7/arcgis/rest/services/WIC_vendor_LACounty_092624/FeatureServer/0
Food_Assistance_and_Benefits_WIC_Food_Retailers_WIC_Food_Retailers_2025_April,Food Assistance and Benefits / WIC Food Retailers,WIC Food Retailers 2025 (April),834,Food_Assistance_and_Benefits_WIC_Food_Retailers_WIC_Food_Retailers_2025_April.parquet,point_834_6ef5597b.parquet,https://services1.arcgis.com/ZIL9uO234SBBPGL7/arcgis/rest/services/WIC_Vendors_04212025/FeatureServer/0
Food_Assistance_and_Benefits_WIC_Food_Retailers_WIC_Food_Retailers_2025_July,Food Assistance and Benefits / WIC Food Retailers,WIC Food Retailers 2025 (July),827,Food_Assistance_and_Benefits_WIC_Food_Retailers_WIC_Food_Retailers_2025_July.parquet,point_827_f4c2274c.parquet,https://services1.arcgis.com/ZIL9uO234SBBPGL7/arcgis/rest/services/LACountyWIC_Vendors_July2025/FeatureServer/0
Food_Assistance_and_Benefits_WIC_Food_Retailers_WIC_Food_Retailers_2026_January,Food Assistance and Benefits / WIC Food Retailers,WIC Food Retailers 2026 (January),830,Food_Assistance_and_Benefits_WIC_Food_Retailers_WIC_Food_Retailers_2026_January.parquet,point_830_7982e132.parquet,https://services1.arcgis.com/ZIL9uO234SBBPGL7/arcgis/rest/services/LACountyWIC_Vendors_Jan2026/FeatureServer/0
Food_Assistance_and_Benefits_WIC_Food_Retailers_WIC_Food_Retailers_2026_April,Food Assistance and Benefits / WIC Food Retailers,WIC Food Retailers 2026 (April),832,Food_Assistance_and_Benefits_WIC_Food_Retailers_WIC_Food_Retailers_2026_April.parquet,point_822_80e71799.parquet,https://services1.arcgis.com/ZIL9uO234SBBPGL7/arcgis/rest/services/WIC_Vendors_Apr2026/FeatureServer/20
Food_Assistance_and_Benefits_WIC_Food_Retailers_WIC_Food_Retailers_2026_July,Food Assistance and Benefits / WIC Food Retailers,WIC Food Retailers 2026 (July),816,Food_Assistance_and_Benefits_WIC_Food_Retailers_WIC_Food_Retailers_2026_July.parquet,point_816_76335bf0.parquet,https://services1.arcgis.com/ZIL9uO234SBBPGL7/arcgis/rest/services/LACounty_WIC_Food_Retailers_July2026/FeatureServer/18
Food_Assistance_and_Benefits_CalFresh_Restaurants_CalFresh_Restaurants_2024_September,Food Assistance and Benefits / CalFresh Restaurants,CalFresh Restaurants 2024 (September),1963,Food_Assistance_and_Benefits_CalFresh_Restaurants_CalFresh_Restaurants_2024_September.parquet,point_1874_8821193e.parquet,https://services1.arcgis.com/ZIL9uO234SBBPGL7/arcgis/rest/services/SNAP_restaurant_location_data_LACounty_092624/FeatureServer/6
Food_Assistance_and_Benefits_CalFresh_Restaurants_CalFresh_Restaurants_2025_April,Food Assistance and Benefits / CalFresh Restaurants,CalFresh Restaurants 2025 (April),2145,Food_Assistance_and_Benefits_CalFresh_Restaurants_CalFresh_Restaurants_2025_April.parquet,point_2061_7a3ac7b1.parquet,https://services1.arcgis.com/ZIL9uO234SBBPGL7/arcgis/rest/services/CalFresh_Restaurant_Meals_Program/FeatureServer/1
Food_Assistance_and_Benefits_CalFresh_Restaurants_CalFresh_Restaurants_2025_July,Food Assistance and Benefits / CalFresh Restaurants,CalFresh Restaurants 2025 (July),2168,Food_Assistance_and_Benefits_CalFresh_Restaurants_CalFresh_Restaurants_2025_July.parquet,point_2091_bd161fce.parquet,https://services1.arcgis.com/ZIL9uO234SBBPGL7/arcgis/rest/services/LACounty_CalFresh_Restaurants_July2025/FeatureServer/2
Food_Assistance_and_Benefits_CalFresh_Restaurants_CalFresh_Restaurants_2026_January,Food Assistance and Benefits / CalFresh Restaurants,CalFresh Restaurants 2026 (January),2192,Food_Assistance_and_Benefits_CalFresh_Restaurants_CalFresh_Restaurants_2026_January.parquet,point_2127_8b91b5ee.parquet,https://services1.arcgis.com/ZIL9uO234SBBPGL7/arcgis/rest/services/LACounty_CalFresh_Restaurants_January2026/FeatureServer/269
Food_Assistance_and_Benefits_CalFresh_Restaurants_CalFresh_Restaurants_2026_April,Food Assistance and Benefits / CalFresh Restaurants,CalFresh Restaurants 2026 (April),2191,Food_Assistance_and_Benefits_CalFresh_Restaurants_CalFresh_Restaurants_2026_April.parquet,point_2126_d5e95a56.parquet,https://services1.arcgis.com/ZIL9uO234SBBPGL7/arcgis/rest/services/Food_Assistance_and_Benefits_CalFresh_Restaurants_2026April/FeatureServer/16
Food_Assistance_and_Benefits_CalFresh_Restaurants_CalFresh_Restaurants_2026_July,Food Assistance and Benefits / CalFresh Restaurants,CalFresh Restaurants 2026 (July),2225,Food_Assistance_and_Benefits_CalFresh_Restaurants_CalFresh_Restaurants_2026_July.parquet,point_2172_81ea46b6.parquet,https://services1.arcgis.com/ZIL9uO234SBBPGL7/arcgis/rest/services/CalFresh_Restaurants_LACounty_July2026/FeatureServer/25
Food_Assistance_and_Benefits_CalFresh_Retailers_CalFresh_Retailers_2024_September,Food Assistance and Benefits / CalFresh Retailers,CalFresh Retailers 2024 (September),6298,Food_Assistance_and_Benefits_CalFresh_Retailers_CalFresh_Retailers_2024_September.parquet,point_6255_420f49c1.parquet,https://services1.arcgis.com/ZIL9uO234SBBPGL7/arcgis/rest/services/SNAP_Retailers_092624/FeatureServer/5
Food_Assistance_and_Benefits_CalFresh_Retailers_CalFresh_Retailers_2025_April,Food Assistance and Benefits / CalFresh Retailers,CalFresh Retailers 2025 (April),6332,Food_Assistance_and_Benefits_CalFresh_Retailers_CalFresh_Retailers_2025_April.parquet,point_6292_79ab87db.parquet,https://services1.arcgis.com/ZIL9uO234SBBPGL7/arcgis/rest/services/CalFresh_Retailers/FeatureServer/0
Food_Assistance_and_Benefits_CalFresh_Retailers_CalFresh_Retailers_2025_July,Food Assistance and Benefits / CalFresh Retailers,CalFresh Retailers 2025 (July),6292,Food_Assistance_and_Benefits_CalFresh_Retailers_CalFresh_Retailers_2025_July.parquet,point_6234_f801df24.parquet,https://services1.arcgis.com/ZIL9uO234SBBPGL7/arcgis/rest/services/LACounty_CalFresh_Retailers_July2025/FeatureServer/1
Food_Assistance_and_Benefits_CalFresh_Retailers_CalFresh_Retailers_2026_January,Food Assistance and Benefits / CalFresh Retailers,CalFresh Retailers 2026 (January),6137,Food_Assistance_and_Benefits_CalFresh_Retailers_CalFresh_Retailers_2026_January.parquet,point_6087_df4f1317.parquet,https://services1.arcgis.com/ZIL9uO234SBBPGL7/arcgis/rest/services/LACounty_CalFresh_Retailers_January2026/FeatureServer/268
Food_Assistance_and_Benefits_CalFresh_Retailers_CalFresh_Retailers_2026_April,Food Assistance and Benefits / CalFresh Retailers,CalFresh Retailers 2026 (April),6135,Food_Assistance_and_Benefits_CalFresh_Retailers_CalFresh_Retailers_2026_April.parquet,point_6085_f959c002.parquet,https://services1.arcgis.com/ZIL9uO234SBBPGL7/arcgis/rest/services/Food_Assistance_and_Benefits_CalFresh_Retailers_2026April/FeatureServer/13
Food_Assistance_and_Benefits_CalFresh_Retailers_CalFresh_Retailers_2026_July,Food Assistance and Benefits / CalFresh Retailers,CalFresh Retailers 2026 (July),5951,Food_Assistance_and_Benefits_CalFresh_Retailers_CalFresh_Retailers_2026_July.parquet,point_5907_103809fb.parquet,https://services1.arcgis.com/ZIL9uO234SBBPGL7/arcgis/rest/services/CalFresh_Retailers_LACounty_July2026/FeatureServer/26
Spatial_Boundaries_LA_County,Spatial Boundaries,LA County,1,Spatial_Boundaries_LA_County.parquet,multipolygon_1_02da0453.parquet,https://services1.arcgis.com/ZIL9uO234SBBPGL7/arcgis/rest/services/L_A__County_Food_Data_WFL1/FeatureServer/1
Spatial_Boundaries_Service_Planning_Areas_SPAs,Spatial Boundaries,Service Planning Areas (SPAs),8,Spatial_Boundaries_Service_Planning_Areas_SPAs.parquet,polygon_8_787fb84c.parquet,https://services1.arcgis.com/ZIL9uO234SBBPGL7/arcgis/rest/services/L_A__County_Food_Data_WFL1/FeatureServer/3
Spatial_Boundaries_Supervisorial_Districts,Spatial Boundaries,Supervisorial Districts,5,Spatial_Boundaries_Supervisorial_Districts.parquet,polygon_5_a4633c0f.parquet,https://services1.arcgis.com/ZIL9uO234SBBPGL7/arcgis/rest/services/L_A__County_Food_Data_WFL1/FeatureServer/2
Spatial_Boundaries_LA_City_Council_Districts,Spatial Boundaries,LA City Council Districts,15,Spatial_Boundaries_LA_City_Council_Districts.parquet,polygon_15_9aefbe78.parquet,https://services1.arcgis.com/ZIL9uO234SBBPGL7/arcgis/rest/services/LA_City_Council_Districts_2021/FeatureServer/270
Spatial_Boundaries_LA_Times_Neighborhoods,Spatial Boundaries,LA Times Neighborhoods,272,Spatial_Boundaries_LA_Times_Neighborhoods.parquet,polygon_272_0cf9c52e.parquet,https://services1.arcgis.com/ZIL9uO234SBBPGL7/arcgis/rest/services/LATimesNeighborhoods_LACounty/FeatureServer/0
Spatial_Boundaries_Cities,Spatial Boundaries,Cities,88,Spatial_Boundaries_Cities.parquet,polygon_88_4c7177f2.parquet,https://services1.arcgis.com/ZIL9uO234SBBPGL7/arcgis/rest/services/City_Boundaries_Updated_02242025/FeatureServer/1
Spatial_Boundaries_Cities_and_Communities_Statistical_Areas_CSAs,Spatial Boundaries,Cities and Communities (Statistical Areas) (CSAs),374,Spatial_Boundaries_Cities_and_Communities_Statistical_Areas_CSAs.parquet,polygon_374_c950e473.parquet,https://public.gis.lacounty.gov/public/rest/services/LACounty_Dynamic/Political_Boundaries/MapServer/23
Spatial_Boundaries_Census_Tracts_2020,Spatial Boundaries,Census Tracts (2020),2496,Spatial_Boundaries_Census_Tracts_2020.parquet,polygon_2496_3b1ec780.parquet,https://public.gis.lacounty.gov/public/rest/services/LACounty_Dynamic/Demographics/MapServer/14
